LATITUDE, LONGITUDE,F00,F01,F02,F03,F04,F05,F06,F07,F08,F09,F10,F11,F12,F13,F14,F15,F16,F17,F18
40.53667,-122.13652,13.53194,12.87516,10.17467,9.84558,8.80550,9.04152,8.19902,6.53900,6.17600,7.08581,11.02983,9.91397,8.72095,8.38040,8.18853,9.30757,9.96095,10.08444,10.30546
40.52954,-122.17073,14.96944,13.75016,12.98717,10.90808,9.99300,10.22902,9.51152,8.60150,8.23850,9.14831,12.46733,11.66397,10.09595,9.63040,9.00103,9.68257,10.33595,10.83444,10.43046
40.52239,-122.20493,15.90694,14.50016,13.79967,13.47058,10.93050,11.35402,10.76152,10.16400,10.30100,10.83581,13.84233,13.03897,11.09595,10.63040,9.75103,9.99507,10.58595,11.27194,11.18046
40.54619,-121.95604,6.03194,5.62516,3.04967,3.22058,3.80550,2.91652,2.69902,1.60150,1.11350,2.64831,2.59233,4.66397,7.72095,3.88040,5.00103,5.55757,4.71095,5.77194,9.30546
40.50354,-122.16133,14.71944,13.50016,12.86217,10.34558,9.74300,9.41652,8.57402,7.28900,7.23850,8.77331,12.15483,10.47647,8.90845,8.25540,7.62603,8.30757,9.39845,10.39694,10.18046
40.49639,-122.19552,15.84444,14.56266,13.79967,13.28308,10.93050,10.85402,10.13652,8.97650,8.80100,10.33581,13.46733,12.03897,10.15845,9.44290,8.56353,8.80757,9.71095,10.83444,10.99296
40.47491,-122.29805,18.03194,17.25016,13.92467,13.40808,12.99300,13.10402,12.51152,9.47650,9.55100,11.02331,15.34233,14.10147,11.84595,11.13040,10.37603,10.05757,10.64845,11.45944,11.93046
40.52018,-121.94673,6.09444,8.62516,1.98717,5.34558,2.99300,2.35402,3.76152,2.53900,2.23850,2.64831,3.15483,2.53897,4.28345,3.19290,4.12603,5.37007,4.33595,3.95944,6.05546
40.46325,-122.22030,15.65694,14.56266,13.67467,13.03308,10.49300,10.54152,10.38652,8.72650,8.30100,10.46081,13.65483,11.72647,9.90845,9.00540,8.25103,8.37007,9.14845,10.45944,11.18046
40.44892,-122.28862,17.46944,16.62516,12.98717,12.53308,11.99300,12.16652,10.26152,8.78900,8.42600,10.21081,14.40483,13.22647,10.78345,10.00540,9.37603,9.24507,9.83595,11.02194,11.49296
40.49416,-121.93742,13.96944,12.87516,10.23717,12.53308,10.99300,9.10402,2.32402,1.60150,2.23850,3.39831,2.15483,0.91397,2.40845,3.19290,3.68853,5.43257,5.14845,5.02194,3.24296
40.43725,-122.21090,14.53194,13.68766,12.61217,9.59558,8.55550,8.54152,9.07402,7.78900,7.80100,9.14831,11.77983,10.10147,8.59595,7.69290,7.18853,7.49507,8.02345,9.70944,10.43046
40.43009,-122.24505,16.21944,13.50016,12.29967,11.78308,9.05550,8.97902,9.51152,8.16400,8.05100,9.64831,12.90483,11.41397,9.34595,8.31790,7.81353,8.05757,8.64845,10.02194,11.05546
40.42292,-122.27920,17.03194,16.25016,12.48717,12.09558,9.68050,9.66652,10.13652,8.97650,8.80100,10.27331,13.90483,12.41397,10.03345,9.00540,8.50103,8.55757,9.21095,10.52194,11.36796
40.39693,-122.26978,16.65694,13.50016,12.29967,11.97058,9.30550,9.16652,9.63652,9.10150,9.17600,9.89831,12.96733,11.60147,9.34595,8.13040,7.56353,7.80757,8.46095,9.77194,11.11796
40.38976,-122.30391,17.53194,16.75016,13.11217,12.78308,9.99300,9.85402,10.32402,9.91400,9.73850,10.21081,13.90483,12.22647,10.15845,8.69290,8.00103,8.18257,8.83595,10.20944,11.49296
40.43505,-121.95302,1.21944,2.50016,1.42467,2.47058,1.18050,3.54152,3.88652,4.72650,3.30100,4.14831,2.34233,1.22647,1.84595,1.63040,2.56353,3.05757,2.77345,2.14694,1.30546
40.37810,-122.22625,15.03194,12.43766,10.92467,9.03308,8.05550,7.91652,8.13652,8.10150,8.61350,8.27331,7.90483,9.60147,7.59595,6.75540,6.12603,6.37007,7.02345,8.33444,10.05546
40.37094,-122.26037,15.84444,12.68766,11.54967,9.53308,8.36800,8.16652,8.26152,8.28900,8.48850,8.33581,11.46733,10.60147,8.47095,7.38040,6.68853,6.80757,7.58595,8.89694,10.61796
40.40903,-121.94372,3.53194,3.12516,3.23717,3.09558,1.68050,2.47902,0.94902,1.97650,2.30100,1.83581,1.59233,1.35147,2.84595,2.50540,2.56353,3.18257,2.96095,2.27194,1.36796
40.35210,-122.21686,13.71944,12.18766,9.04967,9.03308,8.36800,8.10402,7.88652,8.28900,8.80100,7.77331,7.84233,9.47647,7.09595,6.50540,5.62603,5.68257,6.33595,7.52194,9.24296
40.34494,-122.25097,15.28194,12.31266,11.04967,9.22058,8.43050,8.16652,7.94902,8.28900,8.61350,7.77331,8.40483,10.16397,7.90845,7.13040,6.25103,6.12007,6.83595,8.14694,9.93046
40.33777,-122.28507,16.09444,12.62516,11.61217,9.59558,8.61800,8.22902,8.07402,8.35150,8.55100,7.83581,9.09233,10.66397,8.59595,7.69290,6.68853,6.55757,7.21095,8.64694,10.30546
40.38301,-121.93443,2.28194,1.75016,1.61217,1.09558,0.93050,3.04152,1.76152,3.60150,4.42600,3.83581,2.15483,1.72647,3.72095,3.19290,3.00103,3.68257,3.39845,2.70944,1.68046
40.32610,-122.20747,13.53194,12.18766,8.92467,9.15808,8.93050,8.47902,8.01152,8.66400,8.86350,7.83581,8.15483,9.47647,6.90845,6.38040,5.31353,5.18257,5.71095,6.70944,8.24296
40.31178,-122.27566,15.90694,12.75016,11.79967,9.97058,9.36800,9.16652,8.76152,9.22650,9.61350,8.64831,9.59233,10.78897,8.34595,7.69290,6.62603,6.18257,6.64845,8.02194,9.55546
40.35699,-121.92514,3.71944,4.00016,4.04967,4.09558,3.93050,3.29152,2.19902,2.72650,4.23850,4.46081,3.90483,1.78897,3.09595,3.31790,5.62603,3.80757,3.83595,3.14694,1.55546
40.30010,-122.19809,12.78194,11.56266,8.11217,8.09558,8.24300,7.91652,7.82402,8.16400,7.98850,7.71081,8.27983,8.91397,6.65845,6.13040,5.00103,4.74507,5.27345,5.83444,6.86796
40.28579,-122.26626,15.78194,13.06266,12.11217,10.28308,10.18050,10.10402,9.63652,10.22650,10.61350,9.71081,10.27983,10.91397,8.28345,7.63040,6.56353,5.99507,6.33595,7.33444,8.74296
40.28125,-122.15464,11.28194,9.81266,6.48717,6.09558,6.24300,6.54152,6.51152,6.22650,5.86350,5.96081,6.21733,7.35147,5.72095,5.50540,4.50103,4.18257,4.64845,4.33444,3.93046
40.27410,-122.18872,12.09444,10.56266,7.17467,6.84558,7.11800,7.29152,7.63652,7.22650,7.17600,7.46081,7.09233,8.53897,6.47095,6.06790,4.93853,4.62007,5.08595,5.14694,5.61796
40.25979,-122.25687,15.59444,12.93766,10.17467,9.90808,10.43050,10.47902,10.07402,10.47650,10.67600,10.33581,10.77983,10.91397,8.28345,7.50540,6.50103,6.37007,6.08595,6.70944,7.86796
40.29788,-121.94072,4.34444,4.43766,3.92467,3.65808,4.18050,4.41652,4.76152,4.60150,4.92600,5.27331,5.09233,5.10147,9.47095,8.69290,9.43853,8.55757,6.89845,5.83444,4.68046
40.25524,-122.14529,9.53194,9.93766,7.11217,6.65808,6.74300,7.16652,7.07402,6.72650,6.73850,6.58581,6.65483,7.60147,6.03345,6.00540,6.62603,5.68257,5.39845,4.33444,3.68046
40.24810,-122.17936,11.90694,10.00016,7.04967,6.65808,6.74300,7.29152,7.44902,6.60150,6.92600,7.08581,7.09233,8.47647,6.65845,6.31790,5.37603,4.99507,5.08595,4.83444,4.86796
40.22663,-122.28153,15.84444,12.50016,9.54967,8.40808,9.55550,9.85402,10.01152,10.10150,10.36350,10.27331,10.84233,11.53897,8.53345,7.69290,7.12603,7.30757,6.33595,6.64694,7.68046
40.22924,-122.13594,10.65694,10.75016,8.17467,7.78308,7.68050,7.91652,7.69902,7.60150,7.73850,7.52331,7.34233,8.10147,6.84595,7.44290,7.81353,7.62007,6.83595,5.33444,3.99296
40.22210,-122.17000,12.46944,10.37516,7.92467,7.47058,7.30550,7.85402,7.57402,6.97650,7.48850,7.33581,7.34233,8.72647,7.09595,6.75540,6.93853,6.99507,6.39845,5.02194,4.68046
40.20063,-122.27214,15.40694,11.06266,7.98717,6.34558,7.24300,7.47902,8.32402,7.91400,8.23850,8.33581,9.84233,11.10147,8.09595,7.56790,7.12603,7.43257,6.39845,6.33444,6.99296
40.19345,-122.30617,15.78194,11.37516,10.29967,7.09558,7.61800,7.72902,8.51152,7.60150,8.73850,8.83581,9.52983,11.41397,8.72095,7.88040,7.68853,7.37007,6.64845,6.77194,7.61796
40.24583,-121.92217,7.21944,5.68766,4.54967,4.28308,3.80550,4.66652,5.38652,5.03900,5.98850,6.71081,5.09233,5.66397,7.09595,8.81790,8.37603,8.55757,7.83595,6.70944,6.86796
40.20323,-122.12661,10.28194,8.62516,7.67467,6.97058,6.43050,6.72902,6.51152,6.78900,7.17600,6.96081,7.15483,8.35147,7.03345,7.44290,7.00103,7.62007,7.71095,6.08444,4.36796
40.17463,-122.26276,15.09444,9.93766,7.11217,5.78308,5.49300,5.60402,6.26152,5.53900,5.80100,6.14831,9.09233,10.78897,8.03345,7.56790,7.31353,6.99507,7.21095,6.27194,6.49296
40.16746,-122.29678,15.59444,10.25016,7.67467,6.59558,6.55550,6.29152,6.88652,5.28900,6.67600,6.83581,8.40483,11.03897,8.53345,7.88040,7.68853,6.87007,7.33595,6.64694,7.11796
40.21981,-121.91291,1.34444,2.87516,3.54967,4.03308,2.99300,2.79152,2.76152,2.47650,3.42600,4.39831,4.27983,3.35147,3.97095,6.19290,5.31353,7.49507,7.83595,7.33444,7.68046
40.17722,-122.11727,8.84444,7.43766,6.48717,5.09558,4.18050,5.22902,4.76152,5.28900,5.92600,5.58581,6.09233,8.28897,6.72095,6.81790,6.50103,7.12007,8.21095,6.95944,4.55546
40.15580,-122.21936,12.46944,9.87516,7.54967,5.90808,4.80550,5.60402,5.69902,5.53900,4.92600,6.14831,9.27983,10.28897,7.97095,7.25540,7.31353,6.49507,7.39845,6.27194,5.86796
40.14864,-122.25338,14.90694,9.31266,7.04967,6.15808,5.05550,5.22902,4.82402,4.28900,4.48850,4.71081,8.27983,10.47647,8.22095,7.69290,7.68853,6.80757,7.46095,6.52194,6.30546
40.14147,-122.28739,15.40694,9.68766,7.67467,6.72058,6.05550,5.79152,5.44902,4.28900,5.30100,4.96081,7.46733,10.72647,8.53345,8.00540,7.93853,6.99507,7.58595,6.77194,6.80546
40.18671,-121.93772,1.78194,4.87516,4.04967,3.40808,2.24300,1.66652,1.38652,1.10150,1.80100,2.02331,1.09233,3.53897,2.84595,5.44290,5.12603,6.55757,7.71095,7.27194,6.99296
40.15121,-122.10795,8.28194,9.25016,6.17467,4.22058,3.55550,4.66652,4.51152,5.03900,5.23850,4.83581,5.46733,8.22647,6.72095,6.75540,6.56353,6.37007,8.08595,7.52194,4.86796
40.12980,-122.21000,12.65694,9.93766,7.36217,6.34558,5.30550,5.85402,5.51152,5.35150,4.92600,5.96081,8.71733,9.85147,8.47095,7.44290,7.62603,6.74507,7.46095,6.77194,6.11796
40.12264,-122.24401,14.96944,9.56266,7.61217,6.78308,5.55550,5.72902,4.57402,4.53900,4.61350,4.33581,7.34233,10.10147,8.65845,7.81790,8.06353,7.12007,7.46095,7.02194,6.49296
40.11547,-122.27800,15.46944,9.87516,9.67467,7.15808,6.11800,5.97902,4.82402,4.66400,5.23850,4.27331,6.71733,10.41397,8.72095,8.13040,8.25103,7.30757,7.39845,7.20944,6.80546
40.12520,-122.09863,8.78194,9.12516,6.42467,4.90808,4.74300,4.79152,5.01152,5.22650,4.86350,4.71081,4.90483,7.78897,6.72095,6.94290,6.87603,6.43257,7.77345,7.45944,5.36796
40.08947,-122.26863,15.65694,10.50016,10.11217,7.47058,6.30550,6.35402,5.07402,5.41400,5.55100,4.77331,6.46733,10.10147,8.90845,8.25540,8.56353,7.74507,7.46095,7.58444,7.05546
40.13467,-121.91921,9.59444,5.37516,5.17467,4.34558,4.49300,5.16652,4.51152,4.16400,4.55100,4.83581,4.84233,7.60147,9.59595,6.13040,7.18853,7.12007,7.71095,7.02194,6.43046
40.10631,-122.05531,5.90694,4.68766,4.48717,3.34558,3.68050,3.60402,3.57402,4.16400,4.55100,3.89831,3.34233,5.91397,5.15845,6.81790,7.00103,6.37007,8.02345,7.64694,5.61796
40.09919,-122.08932,9.53194,8.75016,6.42467,5.72058,5.68050,5.16652,5.38652,5.41400,4.92600,5.14831,6.77983,7.10147,6.90845,7.25540,7.31353,6.68257,7.83595,7.52194,5.93046
40.06347,-122.25926,16.03194,13.37516,10.54967,7.78308,6.80550,6.97902,5.82402,6.16400,6.17600,5.64831,9.77983,9.85147,9.15845,8.50540,8.75103,8.18257,7.71095,7.89694,7.43046
40.05630,-122.29323,16.34444,13.50016,11.04967,8.15808,7.11800,7.22902,6.01152,6.41400,6.67600,6.08581,9.40483,10.22647,9.15845,8.75540,8.93853,8.30757,7.77345,8.02194,7.49296
40.10864,-121.90997,10.28194,7.93766,5.61217,5.22058,5.05550,5.10402,4.26152,4.47650,4.80100,5.14831,4.71733,12.97647,13.28345,9.25540,9.12603,9.30757,9.27345,8.02194,8.18046
40.08029,-122.04602,6.15694,4.81266,4.36217,4.40808,4.49300,3.91652,3.76152,3.53900,3.67600,3.89831,4.77983,5.41397,5.47095,7.31790,8.50103,7.43257,8.46095,8.02194,5.61796
40.07318,-122.08002,10.09444,8.56266,6.36217,6.40808,6.24300,5.66652,5.69902,5.72650,5.30100,5.77331,6.52983,6.72647,7.22095,7.75540,7.87603,7.12007,8.39845,7.89694,6.36796
40.03748,-122.24990,16.59444,14.25016,11.17467,8.34558,7.61800,7.79152,6.88652,7.03900,7.05100,6.52331,10.34233,10.03897,9.47095,9.13040,8.93853,8.74507,8.08595,8.20944,7.80546
40.03031,-122.28385,16.96944,14.43766,11.79967,8.65808,7.80550,8.10402,6.88652,7.16400,7.17600,6.83581,9.77983,10.47647,9.65845,9.19290,9.12603,8.99507,8.21095,8.33444,7.93046
40.08262,-121.90073,10.59444,11.12516,8.92467,7.53308,6.18050,4.66652,3.88652,4.35150,5.17600,5.21081,4.96733,16.97647,15.40845,11.81790,10.81353,10.93257,11.14845,10.52194,11.30546
40.05428,-122.03674,7.21944,6.00016,5.36217,5.78308,5.61800,5.29152,4.94902,4.47650,4.30100,4.89831,5.65483,5.97647,6.53345,9.06790,10.12603,8.87007,9.02345,8.39694,5.61796
40.04717,-122.07072,10.71944,8.81266,6.67467,7.09558,6.80550,6.54152,6.38652,6.35150,5.92600,6.58581,7.27983,7.10147,7.84595,8.56790,9.50103,8.37007,9.14845,8.45944,6.68046
40.04005,-122.10470,11.65694,10.37516,7.92467,7.65808,7.61800,7.16652,6.94902,6.85150,6.55100,6.71081,7.77983,8.10147,8.53345,8.63040,8.87603,9.37007,8.96095,8.27194,7.18046
40.03292,-122.13867,12.46944,11.56266,8.92467,8.47058,8.18050,7.72902,7.69902,7.41400,7.23850,7.02331,8.34233,9.22647,9.03345,8.88040,9.00103,9.18257,8.96095,8.39694,7.55546
40.00431,-122.27449,17.59444,15.37516,12.42467,9.09558,8.49300,8.91652,7.88652,7.91400,7.73850,7.46081,10.34233,10.97647,10.28345,9.88040,9.31353,9.68257,8.64845,8.70944,8.36796
40.05659,-121.89149,10.40694,11.93766,10.67467,10.78308,8.55550,6.29152,6.01152,4.91400,5.61350,5.08581,5.59233,17.16397,15.22095,11.94290,10.68853,9.99507,10.02345,11.02194,11.80546
40.03536,-121.99348,7.46944,7.31266,5.98717,5.65808,5.86800,6.10402,6.13652,5.60150,4.92600,5.08581,6.52983,8.97647,10.65845,11.44290,11.12603,9.80757,9.14845,8.77194,7.86796
40.02826,-122.02746,8.40694,9.18766,6.67467,6.84558,6.80550,6.85402,6.51152,5.97650,5.67600,6.14831,7.09233,8.03897,9.59595,11.50540,11.12603,9.99507,9.52345,8.83444,6.43046
40.02115,-122.06143,11.40694,9.62516,7.48717,7.84558,7.55550,7.47902,7.26152,7.10150,6.92600,7.46081,8.46733,8.41397,9.09595,10.88040,10.81353,9.74507,9.83595,9.02194,6.86796
40.01404,-122.09540,12.09444,10.87516,8.36217,8.47058,8.36800,8.04152,7.76152,7.60150,7.11350,7.64831,8.71733,9.22647,9.47095,9.69290,10.00103,8.99507,9.58595,8.83444,7.55546
40.00691,-122.12936,15.09444,12.00016,10.67467,9.03308,8.93050,8.47902,8.26152,7.91400,7.48850,7.96081,9.09233,10.22647,9.84595,9.75540,9.87603,10.05757,9.64845,8.89694,8.05546
39.97831,-122.26513,18.03194,16.18766,12.92467,11.28308,9.30550,9.54152,8.82402,8.66400,8.36350,8.21081,11.15483,11.66397,10.90845,10.56790,9.75103,10.30757,9.33595,9.27194,8.80546
40.17672,-121.16693,4.40694,4.87516,9.73717,10.28308,9.61800,7.16652,7.44902,5.91400,4.17600,3.83581,6.27983,9.41397,12.09595,12.50540,12.25103,11.74507,11.02345,10.89694,10.93046
40.16986,-121.20106,6.09444,5.93766,8.79967,9.65808,8.80550,6.79152,6.38652,5.60150,5.80100,5.77331,4.71733,8.16397,11.15845,11.38040,10.87603,10.30757,9.83595,9.64694,9.80546
40.03056,-121.88227,11.28194,12.31266,11.86217,12.78308,11.68050,10.10402,9.51152,7.91400,5.98850,5.58581,6.77983,17.22647,16.15845,13.13040,11.68853,10.74507,10.21095,10.14694,11.24296
40.00934,-121.98422,7.34444,8.00016,6.36217,6.09558,6.36800,6.66652,6.57402,6.16400,5.30100,5.71081,7.46733,11.91397,12.15845,12.00540,11.56353,10.30757,9.71095,9.39694,10.36796
39.99514,-122.05215,11.84444,10.62516,8.42467,8.40808,8.24300,8.41652,7.88652,7.47650,7.86350,8.33581,9.59233,10.35147,11.22095,12.38040,11.56353,10.55757,10.33595,9.64694,7.49296
39.98802,-122.08610,12.46944,11.37516,10.36217,9.22058,8.93050,8.79152,8.44902,8.10150,8.11350,8.83581,9.96733,10.72647,10.78345,11.63040,10.87603,9.99507,10.08595,9.39694,7.93046
39.98090,-122.12005,15.53194,12.56266,11.17467,9.72058,9.68050,9.29152,9.01152,8.66400,8.23850,9.33581,10.34233,11.41397,10.97095,11.25540,10.87603,9.93257,10.21095,9.58444,8.55546
39.95231,-122.25577,18.28194,16.56266,13.36217,12.09558,10.05550,10.04152,9.69902,9.28900,8.98850,9.02331,12.21733,12.47647,11.53345,11.06790,10.56353,10.80757,10.02345,9.83444,9.30546
39.94514,-122.28969,18.96944,16.68766,13.73717,12.28308,10.18050,10.66652,9.94902,9.66400,9.11350,9.39831,13.65483,12.85147,12.22095,11.50540,10.43853,11.24507,10.14845,9.89694,9.61796
40.15064,-121.15796,10.90694,10.06266,13.11217,15.53308,13.68050,13.72902,13.51152,12.16400,10.86350,8.58581,13.77983,15.03897,15.22095,15.25540,14.93853,14.37007,14.08595,13.89694,13.86796
40.14378,-121.19208,6.90694,5.25016,11.36217,11.53308,7.74300,7.60402,6.57402,5.91400,5.73850,4.89831,8.46733,11.35147,12.90845,12.94290,12.75103,12.18257,11.89845,11.89694,11.86796
39.98332,-121.97496,7.71944,8.50016,6.98717,7.03308,7.18050,7.22902,6.82402,6.60150,6.73850,7.21081,9.34233,13.28897,10.84595,11.00540,11.62603,10.49507,10.39845,11.02194,12.18046
39.96912,-122.04287,11.90694,11.43766,8.98717,8.65808,8.68050,9.10402,8.19902,7.97650,8.98850,9.21081,10.59233,12.28897,12.59595,12.25540,11.68853,10.68257,10.14845,9.89694,8.86796
39.95489,-122.11075,15.90694,12.93766,11.73717,10.53308,10.24300,9.97902,9.63652,9.41400,9.48850,10.77331,12.46733,12.66397,12.15845,12.13040,11.43853,10.68257,10.33595,10.02194,9.05546
39.91914,-122.28033,18.84444,16.75016,13.98717,12.97058,10.80550,10.97902,10.57402,10.10150,9.67600,10.14831,14.27983,13.66397,12.78345,12.00540,11.31353,11.68257,10.58595,10.33444,10.05546
40.12456,-121.14900,8.21944,9.00016,11.23717,10.34558,8.99300,7.10402,4.32402,5.28900,6.73850,7.39831,11.90483,12.66397,12.53345,12.25540,12.18853,12.05757,12.21095,12.27194,12.36796
39.97851,-121.86384,9.03194,9.37516,10.11217,10.84558,11.61800,10.66652,8.44902,4.60150,5.55100,6.14831,6.77983,11.47647,7.53345,6.31790,6.12603,4.99507,4.89845,6.27194,7.43046
39.96437,-121.93176,5.96944,5.43766,5.98717,5.97058,6.24300,6.60402,6.44902,6.60150,8.23850,8.52331,10.77983,9.97647,4.34595,5.19290,8.31353,7.30757,7.46095,10.70944,11.55546
39.95729,-121.96572,8.65694,9.43766,8.23717,8.59558,8.43050,8.04152,7.57402,7.85150,8.55100,8.96081,11.15483,12.10147,5.97095,8.81790,12.25103,10.99507,10.21095,11.83444,12.68046
39.94310,-122.03360,11.78194,11.93766,10.67467,9.03308,8.99300,9.41652,8.57402,8.91400,9.92600,9.89831,11.34233,13.47647,13.03345,12.69290,12.37603,11.43257,10.77345,10.20944,10.36796
39.92888,-122.10146,13.78194,13.00016,12.17467,11.15808,10.55550,10.35402,9.88652,9.97650,10.86350,11.64831,13.40483,13.60147,13.03345,12.44290,11.93853,11.30757,10.46095,9.95944,9.49296
39.89314,-122.27098,18.59444,16.81266,14.11217,13.59558,12.93050,10.91652,10.82402,10.16400,10.30100,10.89831,14.77983,14.35147,13.28345,12.31790,12.00103,11.93257,10.83595,10.64694,10.43046
40.09847,-121.14004,4.40694,5.00016,7.36217,7.22058,6.24300,4.04152,3.44902,3.53900,3.36350,3.14831,6.84233,9.78897,11.40845,11.88040,11.62603,10.74507,10.33595,10.08444,10.30546
39.95247,-121.85463,6.03194,5.81266,7.48717,8.97058,10.86800,9.41652,6.32402,3.22650,5.30100,6.39831,6.96733,6.10147,2.47095,2.94290,3.06353,3.74507,3.64845,2.45944,2.24296
39.93835,-121.92254,7.28194,6.93766,7.04967,6.90808,6.74300,7.04152,7.44902,7.85150,8.48850,8.77331,11.15483,4.97647,3.90845,2.94290,5.75103,4.43257,4.02345,7.77194,9.18046
39.90286,-122.09217,13.71944,12.93766,12.54967,13.09558,10.74300,10.54152,10.19902,10.60150,11.67600,11.64831,13.77983,13.91397,13.47095,12.63040,12.25103,11.55757,10.89845,10.27194,9.80546
39.86714,-122.26164,18.40694,17.06266,14.29967,14.03308,13.24300,10.79152,10.76152,10.22650,10.98850,11.64831,15.27983,14.85147,13.72095,12.56790,12.25103,12.05757,11.02345,10.83444,10.74296
40.06554,-121.16517,6.34444,5.62516,6.86217,7.84558,5.80550,6.29152,6.19902,5.72650,4.67600,4.71081,6.59233,9.53897,12.28345,13.13040,12.93853,11.68257,10.52345,10.02194,10.05546
40.05867,-121.19924,7.53194,5.37516,4.42467,4.72058,3.11800,3.47902,2.94902,3.53900,3.30100,3.58581,3.27983,5.78897,9.28345,10.50540,10.56353,9.62007,8.83595,8.27194,7.74296
40.05180,-121.23331,11.71944,9.25016,9.48717,9.90808,10.49300,10.16652,9.94902,9.28900,10.11350,9.96081,9.52983,10.47647,12.97095,13.56790,13.31353,12.24507,11.27345,10.64694,10.36796
39.92644,-121.84544,2.09444,1.31266,3.11217,5.22058,7.68050,5.54152,4.07402,2.35150,3.98850,6.27331,5.52983,4.03897,3.15845,2.63040,3.12603,3.05757,3.39845,2.64694,2.49296
39.91939,-121.87938,4.59444,4.12516,4.04967,3.15808,2.80550,3.16652,4.63652,5.28900,6.17600,7.14831,7.84233,5.66397,3.84595,2.50540,2.50103,1.99507,2.39845,1.58444,1.43046
39.91232,-121.91332,8.28194,8.56266,8.36217,8.34558,7.93050,8.35402,8.88652,8.53900,6.48850,6.71081,10.02983,3.16397,4.09595,2.06790,4.43853,3.37007,2.14845,4.02194,5.61796
39.87685,-122.08289,13.59444,12.93766,12.92467,13.34558,11.05550,10.85402,10.82402,11.22650,11.98850,11.21081,13.77983,13.60147,13.34595,12.50540,12.06353,11.43257,10.89845,10.58444,10.05546
39.86973,-122.11679,16.34444,13.62516,13.11217,14.03308,11.74300,11.16652,11.19902,11.66400,12.42600,11.96081,14.46733,14.16397,13.53345,12.69290,12.06353,11.62007,10.89845,10.70944,10.24296
39.84114,-122.25230,18.21944,17.43766,14.42467,14.28308,13.43050,10.79152,10.69902,10.47650,11.67600,12.14831,15.52983,15.03897,14.03345,12.75540,12.12603,11.99507,11.02345,10.89694,10.93046
39.83397,-122.28616,18.46944,17.31266,14.73717,14.40808,13.68050,10.97902,10.69902,10.53900,11.42600,12.02331,15.90483,15.22647,14.34595,13.13040,12.50103,11.93257,11.33595,11.08444,11.18046
40.02572,-121.22433,8.09444,7.31266,8.04967,8.65808,9.61800,10.10402,10.94902,12.97650,11.73850,10.89831,13.34233,15.35147,15.90845,15.56790,14.75103,13.74507,12.77345,12.33444,12.24296
40.01884,-121.25838,11.59444,10.37516,10.48717,11.34558,11.99300,13.10402,13.01152,12.91400,13.30100,13.14831,12.77983,13.10147,13.78345,13.44290,12.75103,11.68257,10.83595,10.39694,10.68046
39.90041,-121.83625,2.09444,1.56266,1.79967,3.09558,4.05550,2.54152,3.19902,2.28900,1.92600,4.89831,3.15483,4.16397,3.34595,2.13040,2.31353,2.43257,2.71095,2.33444,2.86796
39.89336,-121.87018,5.96944,5.93766,5.29967,3.90808,3.18050,4.47902,5.32402,3.47650,2.30100,3.83581,3.90483,5.41397,4.15845,2.19290,1.62603,1.37007,1.58595,1.64694,2.55546
39.85084,-122.07362,13.53194,13.00016,13.23717,13.34558,11.24300,11.04152,11.19902,11.47650,11.48850,10.14831,12.09233,13.10147,12.78345,12.13040,11.68853,10.99507,10.58595,10.83444,10.24296
39.84371,-122.10750,16.28194,13.43766,13.48717,14.03308,11.61800,11.16652,11.32402,11.72650,12.23850,10.89831,14.09233,13.72647,13.15845,12.50540,11.75103,11.24507,10.64845,10.83444,10.30546
39.80797,-122.27682,18.28194,18.06266,14.86217,14.84558,13.99300,11.04152,10.69902,10.78900,11.98850,12.21081,15.96733,15.16397,14.34595,13.00540,12.37603,11.87007,11.27345,10.95944,11.24296
39.99964,-121.21536,4.03194,5.00016,6.17467,6.78308,7.18050,8.04152,8.82402,10.03900,10.80100,10.33581,13.46733,14.97647,15.90845,16.69290,16.37603,15.80757,15.08595,14.58444,13.61796
39.99277,-121.24940,8.65694,7.93766,9.17467,9.47058,10.18050,10.72902,11.19902,12.60150,13.11350,12.58581,14.27983,16.10147,16.59595,16.75540,15.93853,15.30757,14.64845,14.20944,13.43046
39.98588,-121.28343,10.90694,10.31266,11.67467,12.34558,12.99300,14.10402,14.19902,14.35150,15.17600,15.27331,15.96733,17.10147,17.03345,16.31790,15.12603,14.12007,13.39845,13.08444,12.93046
39.88142,-121.79313,0.84444,0.31266,0.67467,3.03308,3.80550,2.47902,3.38652,2.28900,0.98850,0.83581,1.09233,2.53897,2.72095,2.56790,2.43853,2.49507,3.14845,2.58444,2.24296
39.87438,-121.82706,4.90694,3.56266,2.36217,0.65808,0.49300,0.72902,0.94902,1.85150,0.61350,2.21081,0.84233,3.91397,2.97095,2.13040,1.87603,1.93257,2.39845,2.02194,2.68046
39.86733,-121.86098,6.65694,6.93766,5.67467,4.15808,3.93050,5.10402,4.26152,1.16400,0.36350,1.14831,1.52983,4.53897,3.78345,1.94290,1.81353,1.87007,1.83595,1.64694,2.68046
39.81770,-122.09823,13.78194,13.31266,13.73717,13.78308,11.24300,10.97902,11.01152,11.03900,10.80100,9.33581,13.34233,13.22647,12.53345,12.13040,11.37603,10.87007,10.21095,10.58444,10.43046
39.80344,-122.16595,16.84444,16.93766,13.86217,13.72058,12.49300,12.29152,12.26152,12.41400,11.98850,10.64831,14.27983,13.97647,12.97095,12.25540,11.43853,11.12007,10.33595,10.33444,10.61796
39.79629,-122.19980,17.03194,17.56266,14.23717,13.90808,14.11800,12.22902,12.19902,12.28900,11.98850,11.14831,14.59233,14.16397,13.22095,12.44290,11.50103,11.37007,10.52345,10.39694,10.80546
39.78197,-122.26748,18.28194,18.43766,14.79967,15.09558,14.24300,11.22902,10.94902,10.97650,12.05100,11.89831,15.71733,14.91397,14.15845,12.94290,12.12603,11.68257,11.08595,10.70944,11.18046
39.95981,-121.27444,9.03194,7.75016,10.48717,11.97058,12.99300,13.72902,13.82402,13.85150,14.48850,14.77331,16.46733,17.97647,17.84595,17.38040,16.00103,14.87007,14.27345,13.58444,12.55546
39.95291,-121.30846,12.65694,11.56266,14.04967,15.15808,16.61800,17.47902,17.88652,17.85150,18.80100,19.27331,19.90483,20.85147,20.97095,20.31790,18.75103,17.30757,16.46095,15.83444,15.55546
39.89741,-121.58034,14.28194,13.62516,12.11217,11.84558,11.99300,12.97902,13.94902,14.41400,16.36350,12.89831,15.21733,20.60147,19.03345,17.13040,15.75103,15.55757,15.14845,14.64694,15.36796
39.89043,-121.61429,13.09444,13.25016,11.86217,11.34558,10.93050,11.47902,12.51152,12.47650,12.11350,3.64831,3.77983,13.28897,12.09595,10.63040,8.75103,8.62007,8.89845,8.58444,10.05546
39.84834,-121.81788,5.65694,4.06266,2.48717,0.28308,0.49300,0.91652,1.51152,2.16400,0.98850,0.77331,1.71733,3.72647,2.59595,2.13040,1.93853,2.12007,2.39845,2.83444,2.74296
39.84129,-121.85179,6.59444,6.50016,5.23717,3.78308,3.49300,4.10402,1.76152,0.97650,0.86350,0.71081,1.46733,3.35147,2.90845,2.06790,2.31353,2.62007,2.89845,2.02194,2.68046
39.79880,-122.05510,13.34444,12.87516,13.23717,12.97058,10.86800,10.85402,10.57402,10.03900,8.61350,7.46081,10.40483,11.85147,11.47095,11.00540,10.62603,10.12007,9.64845,10.45944,10.68046
39.79169,-122.08896,13.71944,13.18766,14.04967,13.65808,10.93050,10.97902,10.63652,10.16400,9.05100,8.33581,10.84233,12.78897,12.03345,11.63040,11.00103,10.55757,9.89845,10.27194,10.61796
39.78456,-122.12281,14.03194,14.06266,14.23717,13.97058,11.80550,11.79152,11.44902,11.03900,10.55100,9.08581,13.15483,13.41397,12.53345,11.94290,11.12603,10.68257,10.02345,10.08444,10.55546
39.77743,-122.15666,17.09444,15.00016,14.11217,13.90808,12.55550,12.47902,12.38652,12.03900,11.36350,9.77331,13.71733,13.78897,12.72095,12.06790,11.25103,10.80757,10.14845,10.02194,10.55546
39.77028,-122.19050,17.21944,17.62516,14.04967,13.84558,12.55550,12.47902,12.44902,12.22650,11.42600,10.14831,14.02983,13.85147,12.84595,12.19290,11.37603,10.93257,10.27345,10.02194,10.68046
39.75597,-122.25816,16.59444,18.62516,14.61217,15.09558,14.36800,11.60402,11.38652,11.35150,11.80100,11.33581,14.21733,14.60147,13.84595,12.94290,11.93853,11.37007,10.83595,10.45944,11.05546
39.92684,-121.29946,13.40694,12.68766,13.29967,14.78308,16.05550,17.29152,17.82402,17.28900,17.73850,19.08581,19.27983,19.47647,19.22095,18.19290,16.18853,14.93257,14.33595,13.83444,13.43046
39.91994,-121.33346,15.90694,15.12516,16.61217,17.84558,19.80550,21.47902,22.44902,22.22650,22.86350,24.08581,24.09233,24.41397,24.34595,22.88040,20.50103,18.93257,17.96095,17.39694,17.36796
39.91303,-121.36745,17.28194,17.00016,18.61217,19.34558,20.99300,22.66652,24.19902,24.28900,25.11350,26.71081,26.52983,26.41397,25.65845,23.25540,20.56353,18.99507,18.08595,17.83444,18.11796
39.86438,-121.60519,15.53194,15.87516,15.48717,14.97058,14.43050,14.54152,15.63652,14.28900,13.48850,8.39831,9.59233,16.28897,15.15845,13.88040,10.18853,9.30757,10.52345,11.20944,13.11796
39.85739,-121.63913,13.15694,14.06266,13.23717,11.97058,11.05550,9.66652,8.82402,4.28900,3.73850,4.33581,3.46733,4.47647,6.28345,7.44290,6.25103,5.93257,6.52345,5.64694,6.61796
39.81526,-121.84261,6.34444,4.93766,4.67467,3.59558,2.68050,2.16652,0.82402,0.78900,1.11350,1.33581,0.84233,2.22647,2.72095,2.38040,2.81353,3.30757,3.83595,2.58444,2.74296
39.80114,-121.91038,8.09444,10.18766,9.61217,8.28308,7.43050,7.16652,5.32402,3.85150,5.30100,5.89831,4.15483,6.47647,2.97095,3.69290,7.43853,8.37007,7.71095,5.14694,4.86796
39.77278,-122.04585,13.40694,12.93766,13.23717,11.47058,10.80550,10.66652,10.19902,9.22650,8.17600,7.52331,10.02983,11.41397,11.22095,10.50540,10.18853,9.87007,9.39845,10.20944,10.74296
39.76567,-122.07969,13.96944,13.12516,14.23717,12.09558,10.99300,10.97902,10.44902,9.53900,8.30100,8.39831,10.71733,12.35147,11.78345,11.19290,10.68853,10.30757,9.77345,10.08444,10.68046
39.75855,-122.11354,14.21944,13.93766,14.67467,12.40808,11.55550,11.72902,11.07402,10.22650,9.42600,8.83581,10.90483,13.22647,12.34595,11.56790,10.87603,10.43257,9.83595,9.89694,10.49296
39.74427,-122.18120,17.28194,15.18766,13.92467,13.72058,12.30550,12.41652,12.19902,11.60150,10.73850,9.33581,13.65483,13.72647,12.65845,11.88040,11.12603,10.49507,10.02345,9.77194,10.49296
39.72996,-122.24884,16.65694,18.62516,14.23717,14.78308,14.36800,12.10402,11.94902,11.72650,11.30100,10.58581,13.90483,14.41397,13.59595,12.94290,11.75103,10.93257,10.64845,10.14694,10.86796
39.72279,-122.28264,17.09444,19.75016,15.04967,15.84558,15.18050,12.22902,11.88652,11.78900,12.36350,12.08581,14.96733,14.85147,14.22095,13.44290,12.31353,11.12007,10.96095,10.45944,11.05546
39.88696,-121.35843,17.03194,16.25016,17.79967,18.59558,19.61800,20.91652,22.26152,22.35150,23.11350,24.58581,24.59233,23.85147,22.53345,20.38040,18.37603,16.99507,16.14845,16.27194,16.61796
39.88004,-121.39241,16.21944,16.06266,17.73717,18.47058,19.55550,20.85402,22.26152,22.47650,23.67600,25.58581,25.65483,24.85147,23.09595,20.94290,19.18853,17.99507,17.27345,17.27194,17.55546
39.83134,-121.63002,14.15694,14.56266,15.54967,15.53308,14.49300,14.29152,15.57402,14.16400,12.30100,7.33581,10.02983,13.53897,13.84595,13.38040,10.12603,9.37007,10.71095,11.39694,12.74296
39.80330,-121.76566,4.34444,3.37516,2.67467,1.65808,0.80550,1.29152,1.13652,1.28900,1.30100,1.27331,2.02983,2.53897,2.34595,2.56790,2.43853,3.74507,4.52345,3.77194,2.99296
39.79627,-121.79955,6.21944,3.81266,3.17467,2.22058,0.93050,0.79152,1.32402,1.35150,0.80100,0.46081,0.90483,1.91397,2.72095,2.50540,2.75103,2.68257,3.46095,4.08444,3.18046
39.78923,-121.83343,6.21944,3.93766,4.42467,3.72058,2.68050,1.41652,1.07402,1.10150,1.61350,2.21081,1.59233,1.16397,2.84595,2.50540,3.18853,3.87007,4.83595,3.39694,2.74296
39.78217,-121.86731,6.71944,6.18766,7.11217,6.03308,5.05550,3.79152,2.94902,3.16400,3.92600,4.46081,3.52983,3.35147,3.09595,2.75540,4.43853,6.05757,5.46095,3.14694,1.49296
39.77511,-121.90118,8.15694,9.31266,11.04967,7.90808,6.93050,6.47902,4.94902,4.41400,5.36350,6.08581,4.77983,6.85147,4.15845,3.94290,6.87603,7.99507,7.46095,5.33444,4.68046
39.76804,-121.93505,9.65694,12.68766,12.11217,9.47058,8.43050,8.35402,7.01152,5.28900,6.48850,7.08581,5.90483,9.28897,6.47095,6.00540,8.81353,8.80757,8.58595,8.14694,8.61796
39.76096,-121.96890,10.53194,13.12516,12.54967,10.40808,9.55550,9.29152,8.44902,6.66400,7.67600,7.21081,6.96733,10.10147,9.09595,8.00540,9.31353,8.93257,8.71095,9.83444,10.43046
39.75387,-122.00276,11.53194,13.31266,12.67467,11.09558,10.49300,10.22902,9.51152,8.10150,8.55100,7.33581,8.84233,10.60147,10.78345,9.25540,9.56353,9.18257,8.83595,10.02194,10.80546
39.71827,-122.17191,14.53194,14.81266,13.92467,11.65808,11.80550,12.10402,11.69902,10.78900,9.98850,8.96081,13.65483,13.78897,12.65845,11.63040,10.87603,10.24507,9.89845,9.64694,10.36796
39.71112,-122.20572,16.90694,15.25016,13.54967,11.59558,11.99300,12.35402,12.19902,11.53900,10.30100,9.02331,13.59233,14.03897,13.03345,12.19290,11.18853,10.37007,10.08595,9.70944,10.49296
39.69679,-122.27332,16.46944,19.68766,14.73717,15.15808,12.30550,12.22902,12.13652,11.97650,11.61350,10.83581,14.59233,14.78897,13.90845,13.31790,11.93853,10.68257,10.71095,10.20944,10.80546
39.85397,-121.38339,14.34444,14.31266,14.61217,15.28308,15.99300,17.22902,18.13652,17.97650,19.30100,21.14831,21.40483,20.85147,18.90845,17.31790,16.25103,15.37007,14.83595,14.95944,14.93046
39.84705,-121.41734,15.21944,16.06266,16.42467,17.03308,17.99300,19.41652,20.51152,20.16400,21.61350,23.83581,24.27983,23.53897,21.34595,19.75540,18.75103,17.80757,17.14845,17.20944,17.36796
39.80529,-121.62092,13.21944,13.68766,15.29967,15.78308,15.24300,15.29152,16.51152,16.91400,14.98850,7.64831,15.27983,18.41397,16.78345,15.38040,12.06353,10.80757,12.33595,14.27194,15.86796
39.79830,-121.65483,13.28194,13.25016,15.17467,15.65808,15.05550,14.60402,15.88652,11.22650,3.86350,4.96081,7.09233,10.47647,9.59595,10.69290,8.87603,8.49507,8.39845,9.95944,11.74296
39.77726,-121.75651,4.53194,4.12516,3.42467,2.65808,1.49300,1.60402,1.13652,0.97650,0.61350,0.89831,1.27983,1.53897,1.65845,2.50540,3.43853,5.24507,5.71095,5.95944,2.36796
39.77023,-121.79039,6.34444,4.37516,3.79967,3.40808,2.30550,1.85402,1.19902,1.10150,0.92600,1.71081,1.15483,1.53897,2.53345,2.63040,3.12603,3.74507,6.58595,5.20944,3.18046
39.76319,-121.82426,6.21944,4.12516,4.79967,4.22058,3.55550,2.35402,2.13652,2.41400,2.73850,3.52331,3.09233,2.03897,3.22095,2.69290,3.56353,4.43257,6.21095,4.77194,2.74296
39.75614,-121.85813,6.71944,5.93766,7.04967,6.28308,5.49300,4.35402,4.01152,4.16400,4.48850,5.08581,4.59233,4.41397,4.15845,3.25540,4.62603,6.12007,6.02345,4.52194,2.05546
39.74908,-121.89199,8.28194,8.75016,11.17467,8.03308,7.11800,6.72902,5.63652,5.28900,5.48850,6.14831,5.40483,7.10147,5.40845,4.38040,6.50103,7.68257,7.21095,5.52194,4.61796
39.67079,-122.26400,15.59444,17.00016,14.48717,11.78308,11.74300,12.04152,12.19902,11.66400,10.30100,8.64831,14.40483,14.78897,13.72095,13.13040,11.62603,10.37007,10.52345,10.08444,10.68046
39.82098,-121.40832,14.65694,14.43766,15.29967,15.34558,16.36800,17.91652,18.88652,18.60150,19.11350,20.83581,22.65483,21.85147,19.15845,17.31790,16.43853,15.74507,15.08595,15.14694,15.43046
39.81405,-121.44225,15.21944,14.43766,16.42467,16.65808,17.61800,19.22902,20.76152,18.28900,21.23850,23.21081,23.96733,22.72647,20.65845,19.25540,18.37603,17.68257,16.83595,16.89694,16.86796
39.80710,-121.47618,16.59444,16.62516,18.61217,18.97058,20.05550,21.91652,23.57402,21.85150,22.61350,24.64831,26.90483,25.72647,23.97095,22.00540,20.56353,19.68257,18.71095,18.77194,18.99296
39.78622,-121.57793,13.59444,15.68766,16.79967,16.84558,16.99300,17.04152,17.57402,18.10150,18.67600,15.77331,23.02983,25.10147,22.15845,19.69290,16.62603,14.49507,15.46095,17.45944,18.68046
39.77924,-121.61183,13.15694,14.62516,15.92467,16.15808,15.74300,15.35402,15.88652,16.03900,10.36350,3.64831,12.34233,19.28897,16.59595,14.50540,12.06353,10.24507,11.33595,14.39694,16.24296
39.76525,-121.67961,6.28194,3.68766,8.86217,10.78308,11.61800,6.97902,3.38652,4.10150,5.23850,4.64831,3.77983,7.10147,7.09595,8.13040,7.87603,8.18257,7.33595,8.83444,11.05546
39.74419,-121.78124,6.15694,5.12516,4.92467,4.59558,3.68050,3.10402,1.76152,2.10150,1.98850,2.64831,2.15483,1.78897,2.78345,2.75540,3.81353,5.87007,7.89845,6.58444,2.93046
39.73011,-121.84896,7.09444,6.68766,7.54967,6.65808,6.43050,5.41652,5.13652,4.97650,5.42600,5.96081,6.34233,5.35147,5.15845,3.88040,4.87603,6.24507,7.46095,6.33444,2.43046
39.71598,-121.91665,10.03194,12.18766,12.61217,9.53308,8.43050,8.41652,7.57402,6.66400,6.86350,6.64831,6.27983,8.47647,7.65845,6.63040,7.75103,8.12007,7.77345,7.52194,7.74296
39.64479,-122.25469,12.34444,16.56266,14.29967,11.22058,11.30550,11.66652,11.82402,10.47650,8.67600,7.21081,14.59233,14.72647,13.53345,12.88040,11.50103,10.24507,10.52345,10.08444,10.68046
39.63761,-122.28846,11.90694,17.31266,14.92467,11.59558,11.43050,11.60402,11.76152,10.91400,9.42600,7.39831,14.46733,14.97647,13.84595,13.31790,11.87603,10.43257,10.71095,10.27194,10.80546
39.78104,-121.46714,16.90694,16.00016,18.11217,18.03308,18.99300,20.54152,22.63652,20.85150,21.30100,22.46081,25.59233,24.03897,22.47095,20.25540,18.62603,17.87007,16.83595,17.02194,17.36796
39.75319,-121.60274,14.59444,16.06266,17.54967,17.40808,17.43050,17.29152,17.26152,16.60150,2.80100,5.77331,9.27983,20.03897,16.84595,13.63040,11.87603,9.87007,10.27345,13.77194,16.74296
39.74620,-121.63663,11.46944,13.81266,16.04967,16.65808,16.55550,15.66652,12.57402,2.72650,3.92600,3.89831,5.96733,11.60147,10.65845,9.88040,9.25103,7.80757,7.96095,10.58444,13.80546
39.73920,-121.67051,2.65694,3.12516,7.92467,9.34558,10.99300,5.97902,2.26152,3.60150,3.48850,2.58581,4.02983,6.91397,6.90845,7.56790,7.93853,7.80757,6.83595,8.64694,11.49296
39.73220,-121.70438,5.71944,5.50016,5.67467,4.84558,3.74300,3.60402,4.38652,4.10150,4.11350,4.27331,3.65483,5.53897,6.40845,7.50540,7.75103,8.24507,7.71095,7.45944,9.68046
39.72518,-121.73824,7.09444,6.56266,6.92467,6.28308,5.11800,4.66652,3.94902,3.91400,3.86350,4.27331,3.59233,2.97647,4.59595,6.88040,7.25103,8.05757,8.27345,7.08444,7.43046
39.71815,-121.77210,6.46944,6.31266,6.67467,6.22058,5.55550,4.85402,3.57402,3.97650,3.86350,4.33581,4.27983,2.72647,3.47095,5.06790,5.93853,7.30757,8.46095,7.20944,5.11796
39.71112,-121.80595,6.59444,6.62516,7.48717,6.65808,6.55550,5.72902,4.88652,4.85150,5.17600,5.83581,6.15483,4.22647,4.53345,3.56790,4.62603,6.55757,8.46095,7.45944,3.43046
39.70407,-121.83979,7.53194,7.75016,10.11217,7.15808,7.36800,6.54152,6.07402,5.72650,6.42600,6.89831,7.34233,5.97647,5.78345,4.56790,5.31353,6.49507,8.58595,7.77194,2.43046
39.69702,-121.87363,8.78194,10.62516,11.04967,8.34558,7.99300,7.47902,7.07402,6.66400,7.05100,7.08581,7.71733,7.35147,7.03345,5.81790,6.50103,7.43257,8.52345,7.83444,4.80546
39.68995,-121.90746,10.21944,11.93766,12.42467,9.72058,8.68050,8.41652,8.01152,7.35150,7.42600,6.89831,6.77983,8.22647,8.09595,7.13040,7.62603,7.93257,8.27345,7.77194,7.43046
39.61161,-122.27914,12.03194,16.87516,14.73717,11.22058,11.18050,11.41652,11.51152,9.41400,7.86350,6.33581,11.77983,14.85147,13.65845,13.06790,11.87603,10.43257,10.71095,10.33444,10.80546
39.75498,-121.45811,13.28194,12.93766,14.36217,13.53308,13.80550,13.97902,15.07402,15.78900,16.11350,13.58581,20.90483,20.78897,19.53345,17.94290,16.37603,15.49507,14.14845,14.33444,15.30546
39.74803,-121.49201,14.21944,14.31266,15.42467,14.90808,15.11800,15.41652,16.57402,17.22650,17.23850,16.77331,21.96733,21.47647,20.15845,18.50540,16.75103,15.62007,14.71095,14.58444,15.43046
39.72015,-121.62754,12.53194,15.00016,17.23717,17.59558,17.86800,16.97902,11.82402,3.78900,5.42600,4.46081,5.84233,11.03897,13.28345,10.19290,9.93853,8.37007,7.89845,9.89694,13.11796
39.71316,-121.66140,3.34444,4.93766,9.86217,9.65808,8.68050,6.72902,2.88652,4.16400,3.42600,2.71081,6.46733,6.66397,7.72095,8.25540,8.62603,7.68257,6.83595,8.33444,10.61796
39.70615,-121.69526,5.53194,4.50016,4.61217,3.97058,2.86800,3.22902,4.38652,3.85150,3.61350,3.71081,4.52983,6.16397,6.53345,7.81790,8.25103,8.12007,7.21095,7.39694,9.55546
39.69914,-121.72911,7.34444,6.81266,7.36217,6.47058,5.86800,5.35402,4.82402,4.72650,4.86350,5.21081,5.21733,4.22647,5.40845,7.44290,7.87603,8.18257,7.89845,6.95944,8.36796
39.69211,-121.76296,7.03194,7.12516,7.79967,7.22058,6.93050,6.16652,4.94902,5.28900,5.42600,5.77331,6.02983,3.47647,4.09595,6.44290,7.12603,7.80757,8.33595,7.08444,6.80546
39.68508,-121.79680,7.15694,7.56266,8.54967,7.72058,7.74300,6.97902,6.13652,6.03900,6.30100,6.83581,7.09233,4.85147,4.90845,5.44290,6.43853,7.43257,8.58595,7.70944,4.74296
39.58561,-122.26983,12.40694,16.50016,14.54967,11.03308,10.93050,10.91652,10.44902,8.35150,7.48850,6.83581,12.09233,14.66397,13.47095,12.81790,11.81353,10.43257,10.77345,10.39694,10.93046
39.72197,-121.48297,13.09444,11.93766,12.92467,13.40808,13.18050,13.10402,14.26152,15.10150,15.86350,16.08581,20.15483,19.47647,18.40845,17.56790,15.93853,14.62007,13.96095,13.70944,15.11796
39.71502,-121.51685,15.34444,14.43766,15.42467,16.09558,15.86800,15.97902,17.32402,17.97650,18.73850,16.77331,20.52983,21.97647,20.59595,18.81790,16.06353,13.55757,13.71095,14.58444,16.05546
39.70108,-121.58459,15.46944,15.43766,16.79967,17.59558,17.24300,16.97902,16.63652,2.66400,4.48850,5.77331,4.90483,18.53897,17.03345,12.81790,11.62603,9.55757,8.58595,11.27194,14.93046
39.69410,-121.61845,9.40694,9.87516,15.98717,16.40808,17.36800,15.79152,4.57402,4.78900,5.48850,5.33581,5.59233,10.35147,13.28345,10.63040,10.50103,8.80757,7.77345,8.95944,11.80546
39.68711,-121.65231,3.84444,3.00016,4.92467,4.09558,7.18050,4.97902,4.32402,4.47650,4.48850,4.64831,6.27983,6.78897,8.84595,9.31790,9.31353,7.87007,7.14845,8.02194,9.68046
39.67309,-121.71999,7.15694,6.50016,6.92467,6.15808,6.05550,5.79152,5.19902,5.10150,5.61350,5.77331,6.46733,4.66397,5.90845,8.06790,8.37603,8.24507,7.58595,6.58444,8.36796
39.66607,-121.75383,7.53194,7.25016,7.79967,7.34558,7.30550,6.66652,5.76152,6.22650,6.67600,6.83581,7.15483,4.28897,4.78345,7.25540,7.75103,8.05757,7.96095,6.70944,7.18046
39.65904,-121.78766,7.96944,8.12516,8.98717,8.34558,8.36800,7.66652,7.07402,7.10150,7.42600,7.77331,7.59233,5.35147,5.40845,6.81790,7.37603,7.93257,8.27345,7.33444,5.68046
39.55961,-122.26053,10.53194,16.00016,12.36217,10.78308,10.55550,10.16652,9.13652,8.28900,7.67600,7.58581,12.27983,14.53897,13.34595,12.56790,11.68853,10.49507,10.71095,10.52194,10.99296
39.55243,-122.29425,9.78194,16.50016,14.79967,10.97058,10.74300,10.47902,10.13652,8.22650,7.55100,6.71081,12.34233,14.85147,13.59595,12.88040,12.00103,10.68257,10.83595,10.64694,11.18046
39.69591,-121.47394,11.40694,10.25016,12.42467,14.28308,14.43050,14.66652,15.07402,14.97650,17.42600,19.02331,20.90483,22.47647,20.97095,19.06790,17.31353,15.93257,15.46095,15.08444,17.11796
39.68896,-121.50781,13.59444,12.37516,13.86217,16.22058,15.99300,16.10402,16.82402,17.35150,15.92600,15.46081,18.90483,23.16397,21.59595,19.31790,16.81353,14.37007,13.96095,14.52194,16.93046
39.68200,-121.54167,14.53194,13.25016,14.23717,16.53308,15.99300,15.72902,16.94902,11.97650,1.80100,3.27331,7.84233,21.41397,20.40845,16.75540,14.31353,11.55757,10.89845,12.83444,15.93046
39.67503,-121.57553,10.03194,9.00016,14.98717,16.84558,16.30550,15.60402,12.38652,2.91400,4.48850,4.89831,4.65483,16.41397,16.28345,13.00540,11.68853,9.55757,8.39845,10.02194,13.30546
39.66106,-121.64322,4.84444,3.87516,3.23717,3.84558,3.11800,3.60402,5.88652,5.47650,5.80100,5.89831,5.90483,7.91397,9.72095,10.13040,9.56353,8.24507,8.08595,7.77194,8.99296
39.64705,-121.71088,6.96944,6.31266,6.73717,6.28308,6.43050,6.41652,5.69902,5.72650,6.42600,6.46081,7.21733,5.66397,7.28345,9.25540,9.06353,8.37007,7.71095,6.70944,7.86796
39.64003,-121.74470,7.84444,7.25016,7.54967,7.34558,7.30550,7.04152,6.44902,6.85150,7.55100,7.58581,7.71733,5.10147,5.78345,8.38040,8.62603,8.43257,8.02345,6.70944,7.43046
39.63300,-121.77852,8.65694,8.43766,9.04967,8.72058,8.61800,8.10402,7.69902,7.91400,8.42600,8.46081,7.96733,5.78897,6.03345,7.88040,8.31353,8.43257,8.21095,7.20944,6.36796
39.53360,-122.25123,10.40694,13.37516,12.23717,10.40808,10.11800,9.60402,8.51152,8.60150,7.73850,7.89831,12.21733,14.47647,13.34595,12.44290,11.62603,10.62007,10.71095,10.58444,11.05546
39.52643,-122.28495,9.21944,13.56266,12.11217,10.28308,9.68050,9.54152,8.69902,8.10150,7.61350,6.96081,12.21733,14.72647,13.47095,12.56790,11.81353,10.68257,10.71095,10.70944,11.18046
39.66290,-121.49877,8.78194,8.31266,9.61217,12.53308,13.11800,13.04152,12.32402,8.91400,3.36350,3.71081,9.65483,20.47647,19.65845,17.25540,16.06353,14.80757,14.21095,14.52194,16.11796
39.64897,-121.56647,1.96944,2.25016,7.04967,9.90808,14.43050,13.22902,2.44902,3.60150,2.67600,2.89831,4.52983,13.66397,15.28345,13.50540,12.62603,10.68257,9.89845,11.14694,13.43046
39.64199,-121.60030,3.46944,2.56266,1.36217,3.22058,4.93050,3.72902,4.26152,4.53900,3.11350,2.96081,4.90483,8.16397,12.53345,11.50540,11.18853,9.74507,9.64845,8.95944,10.86796
39.63501,-121.63414,5.28194,5.25016,5.04967,5.65808,4.74300,4.97902,6.82402,6.03900,5.55100,5.08581,5.96733,8.85147,11.34595,10.81790,10.37603,10.05757,9.21095,8.89694,9.55546
39.62801,-121.66796,6.34444,7.00016,7.17467,7.53308,7.18050,7.29152,6.88652,6.72650,7.11350,6.96081,7.15483,9.22647,10.03345,10.88040,9.81353,9.55757,8.64845,8.39694,8.61796
39.62100,-121.70178,6.96944,6.93766,7.29967,7.34558,7.24300,7.47902,6.88652,6.91400,7.48850,7.52331,7.77983,7.85147,9.34595,10.56790,9.81353,9.55757,8.46095,7.64694,7.80546
39.60696,-121.76939,9.15694,8.87516,9.29967,9.28308,8.86800,8.72902,8.32402,8.53900,9.36350,9.08581,8.46733,6.53897,6.78345,9.00540,9.43853,9.12007,8.89845,7.64694,7.05546
39.50043,-122.27564,9.09444,12.87516,11.86217,9.84558,8.93050,9.04152,8.26152,8.22650,7.61350,7.14831,12.02983,14.60147,13.47095,12.50540,11.87603,10.74507,10.71095,10.77194,11.24296
39.62988,-121.52358,4.96944,5.31266,7.79967,10.22058,13.24300,13.16652,11.88652,4.60150,5.98850,5.64831,5.46733,16.22647,14.97095,14.56790,14.12603,13.43257,13.14845,13.64694,15.36796
39.61594,-121.59124,1.84444,0.93766,1.11217,3.40808,4.24300,4.22902,1.82402,1.35150,1.11350,1.64831,4.40483,7.78897,11.47095,11.63040,10.43853,9.49507,9.27345,9.08444,11.74296
39.60895,-121.62506,4.28194,4.62516,5.61217,6.03308,5.36800,5.04152,5.51152,4.35150,3.17600,2.39831,5.71733,8.22647,11.22095,10.94290,10.43853,9.99507,9.39845,8.58444,9.80546
39.60196,-121.65887,5.71944,7.25016,8.11217,8.53308,7.99300,7.72902,7.32402,7.16400,6.73850,6.02331,6.52983,9.85147,10.78345,11.13040,10.37603,10.18257,9.33595,8.77194,9.05546
39.59496,-121.69268,6.78194,8.00016,8.48717,8.65808,8.18050,8.35402,7.94902,7.97650,8.30100,8.21081,7.96733,9.91397,10.90845,11.31790,10.50103,10.24507,9.39845,8.52194,8.43046
39.47442,-122.26635,9.28194,12.25016,11.79967,9.72058,8.86800,8.97902,8.44902,8.03900,7.61350,7.27331,11.77983,14.47647,13.65845,12.69290,12.06353,10.93257,10.77345,10.77194,11.30546
39.46725,-122.30004,9.09444,12.68766,11.92467,9.97058,8.93050,9.54152,8.76152,8.28900,8.05100,7.58581,12.40483,14.60147,13.34595,12.56790,12.06353,10.99507,10.71095,10.95944,11.43046
39.60382,-121.51455,3.65694,4.93766,7.54967,9.84558,10.43050,9.35402,6.26152,4.22650,5.05100,5.64831,7.15483,12.28897,9.78345,10.06790,10.43853,10.87007,10.77345,11.45944,13.49296
39.58988,-121.58218,2.96944,2.56266,3.79967,5.03308,5.24300,5.79152,2.51152,2.60150,2.73850,3.39831,5.34233,8.22647,9.72095,9.75540,8.93853,8.93257,9.58595,9.02194,11.36796
39.58290,-121.61599,3.34444,4.25016,5.42467,5.28308,4.61800,3.91652,3.88652,3.16400,2.98850,2.77331,5.84233,7.53897,10.40845,10.50540,9.50103,9.30757,9.02345,8.02194,9.61796
39.57591,-121.64979,5.34444,7.12516,8.67467,8.84558,8.11800,7.54152,7.01152,6.66400,5.86350,4.96081,7.52983,9.28897,10.59595,10.81790,10.18853,9.99507,9.52345,8.45944,8.99296
39.56891,-121.68359,6.40694,8.81266,9.54967,9.53308,8.99300,8.85402,8.57402,8.60150,8.36350,7.96081,7.52983,10.53897,11.40845,11.31790,10.62603,10.30757,9.96095,8.70944,8.80546
39.56190,-121.71737,7.40694,9.56266,9.92467,9.97058,9.43050,9.60402,9.38652,9.16400,9.86350,9.83581,8.90483,10.41397,11.28345,11.56790,10.87603,10.37007,10.27345,8.95944,8.55546
39.44842,-122.25706,9.46944,11.50016,11.73717,9.72058,9.05550,9.10402,8.76152,7.85150,7.61350,7.21081,11.40483,14.41397,13.78345,13.00540,12.18853,11.12007,10.77345,10.77194,11.36796
39.44125,-122.29074,9.03194,11.81266,11.67467,9.65808,8.99300,9.66652,9.01152,8.03900,7.92600,7.52331,12.02983,14.53897,13.47095,12.81790,12.18853,11.18257,10.77345,10.95944,11.49296
39.57776,-121.50552,3.71944,4.37516,5.79967,5.65808,7.11800,5.97902,4.44902,4.47650,5.42600,6.52331,7.02983,10.66397,9.22095,7.38040,8.06353,8.05757,8.02345,9.33444,10.49296
39.57080,-121.53933,4.40694,4.43766,6.54967,7.78308,9.74300,9.35402,6.44902,5.10150,5.42600,6.96081,9.02983,9.97647,8.59595,7.25540,7.50103,7.74507,8.08595,8.83444,10.49296
39.56383,-121.57313,3.09444,4.68766,5.42467,5.03308,5.24300,6.04152,4.38652,4.22650,5.17600,5.64831,6.84233,8.66397,8.03345,7.56790,7.43853,7.68257,8.39845,8.27194,9.80546
39.55685,-121.60693,3.78194,4.93766,5.92467,5.15808,4.68050,4.04152,4.19902,4.22650,4.67600,4.64831,6.59233,7.22647,8.59595,8.63040,8.37603,8.49507,8.58595,7.95944,8.80546
39.54986,-121.64072,5.40694,6.81266,8.36217,8.34558,7.68050,7.04152,6.44902,6.10150,5.67600,5.14831,7.77983,8.47647,10.22095,9.88040,9.43853,9.49507,9.08595,8.20944,8.36796
39.54286,-121.67450,6.21944,9.00016,10.04967,9.84558,9.30550,8.85402,8.51152,8.41400,7.80100,7.33581,7.02983,10.03897,11.03345,10.75540,10.31353,9.93257,9.77345,8.58444,8.61796
39.42241,-122.24778,9.59444,10.81266,11.54967,9.84558,9.30550,9.29152,9.07402,7.97650,7.80100,7.21081,11.21733,14.35147,13.84595,13.31790,12.25103,11.30757,10.83595,10.83444,11.49296
39.41524,-122.28145,8.84444,10.93766,11.54967,9.53308,9.11800,9.54152,9.13652,7.85150,7.80100,7.21081,11.34233,14.47647,13.65845,13.06790,12.25103,11.43257,10.83595,11.02194,11.55546
39.55170,-121.49650,4.15694,3.93766,4.23717,4.15808,5.18050,5.41652,5.38652,5.60150,6.98850,7.39831,7.21733,11.60147,12.03345,9.06790,8.25103,7.43257,7.08595,8.95944,10.18046
39.54474,-121.53030,3.21944,4.06266,4.61217,4.15808,6.24300,7.35402,6.26152,5.66400,6.36350,7.52331,8.65483,8.91397,10.15845,7.44290,7.62603,7.49507,7.27345,8.27194,9.43046
39.53777,-121.56409,2.71944,5.81266,5.54967,4.47058,4.24300,4.91652,4.94902,5.16400,6.48850,6.71081,7.71733,8.60147,8.09595,6.81790,7.06353,7.37007,7.46095,8.08444,8.36796
39.53079,-121.59787,4.46944,6.37516,7.11217,6.22058,5.93050,5.35402,5.82402,6.16400,6.86350,6.96081,7.65483,7.85147,8.22095,7.81790,7.75103,7.99507,7.83595,8.14694,7.74296
39.52381,-121.63165,5.96944,7.12516,8.29967,8.22058,7.68050,7.35402,6.94902,6.72650,6.61350,6.64831,8.21733,8.28897,10.34595,9.69290,9.25103,8.99507,8.58595,8.20944,7.68046
39.51681,-121.66542,6.65694,8.68766,9.79967,9.78308,9.11800,8.66652,8.19902,7.91400,7.55100,7.33581,7.34233,9.35147,10.97095,10.25540,10.18853,9.55757,9.33595,8.45944,7.99296
39.50980,-121.69919,6.96944,9.75016,10.73717,10.65808,10.24300,9.85402,9.63652,9.53900,9.67600,9.58581,8.52983,9.35147,11.34595,10.88040,10.62603,9.93257,9.71095,9.02194,8.36796
39.38924,-122.27216,8.90694,10.56266,11.61217,9.59558,9.24300,9.41652,9.13652,8.16400,7.98850,7.33581,10.96733,14.47647,13.84595,13.38040,12.31353,11.74507,10.96095,11.14694,11.68046
39.56027,-121.31845,4.71944,4.43766,5.67467,9.72058,9.99300,10.79152,11.13652,8.41400,4.48850,4.46081,7.52983,19.53897,17.78345,16.00540,13.62603,12.80757,13.39845,13.64694,15.74296
39.52563,-121.48748,2.59444,1.50016,1.86217,4.53308,3.99300,4.16652,4.63652,5.16400,6.67600,6.89831,6.90483,6.72647,13.09595,10.31790,9.43853,8.55757,8.02345,9.58444,11.30546
39.51868,-121.52127,1.34444,3.06266,2.04967,2.84558,4.11800,5.04152,5.57402,5.60150,5.92600,6.46081,7.71733,6.35147,10.40845,8.44290,8.00103,7.99507,7.27345,8.20944,9.43046
39.51171,-121.55505,2.65694,5.93766,5.42467,5.22058,5.05550,4.72902,5.63652,6.10150,7.17600,7.33581,8.27983,8.03897,8.34595,7.31790,7.06353,7.49507,6.83595,7.95944,8.11796
39.50474,-121.58882,5.09444,7.50016,8.23717,7.65808,7.43050,7.10402,7.38652,7.78900,8.55100,8.71081,9.02983,8.72647,8.28345,7.69290,7.31353,7.62007,7.08595,7.89694,7.30546
39.48376,-121.69010,7.40694,9.43766,10.48717,10.53308,10.05550,9.72902,9.32402,9.10150,9.36350,9.27331,8.46733,8.97647,11.09595,10.31790,10.31353,9.99507,9.58595,8.77194,7.86796
39.47674,-121.72385,7.71944,10.06266,11.17467,11.22058,10.93050,10.60402,10.51152,10.47650,10.98850,11.14831,10.02983,9.91397,11.59595,10.94290,10.81353,10.24507,9.89845,9.52194,8.61796
39.41320,-122.02727,14.03194,12.12516,12.73717,13.09558,11.43050,11.85402,11.82402,11.91400,11.48850,11.83581,12.90483,12.91397,12.53345,12.19290,11.62603,11.12007,11.08595,10.77194,11.49296
39.36324,-122.26288,9.21944,10.81266,11.86217,9.84558,9.36800,9.41652,9.32402,8.85150,8.61350,7.96081,11.21733,14.66397,13.97095,13.69290,12.56353,11.93257,11.14845,11.45944,11.86796
39.35606,-122.29652,9.71944,11.43766,12.92467,10.47058,9.86800,10.10402,9.88652,9.41400,9.48850,8.77331,11.71733,15.03897,14.09595,13.75540,12.62603,12.24507,11.33595,11.70944,12.05546
39.53419,-121.30950,2.65694,2.31266,3.98717,8.09558,8.18050,9.79152,11.01152,11.03900,6.23850,2.14831,11.52983,18.03897,16.65845,14.56790,13.31353,13.12007,13.46095,13.58444,15.43046
39.52729,-121.34331,1.46944,1.25016,1.54967,3.09558,5.18050,7.66652,9.44902,10.03900,3.42600,1.96081,8.77983,14.91397,15.65845,13.56790,12.50103,12.12007,12.02345,12.45944,13.68046
39.52037,-121.37711,2.34444,2.18766,2.11217,2.09558,1.93050,6.10402,8.44902,9.35150,3.73850,3.58581,9.34233,15.03897,15.65845,13.63040,12.43853,11.74507,11.33595,12.02194,12.93046
39.51345,-121.41091,3.53194,4.37516,5.42467,6.53308,5.99300,6.66652,11.01152,9.97650,5.67600,4.89831,12.65483,17.72647,16.90845,14.69290,13.12603,12.12007,11.64845,12.58444,13.80546
39.50651,-121.44469,5.34444,3.87516,6.42467,10.72058,10.11800,9.41652,10.69902,10.47650,6.17600,6.08581,11.96733,17.78897,16.84595,14.06790,12.43853,11.55757,11.27345,12.52194,14.55546
39.49262,-121.51225,1.78194,2.37516,1.29967,3.78308,4.68050,4.91652,5.51152,5.78900,5.30100,5.52331,7.52983,5.72647,10.28345,8.94290,8.31353,8.68257,8.21095,8.77194,10.49296
39.48565,-121.54602,2.40694,5.37516,5.11217,5.72058,5.99300,5.72902,6.26152,6.66400,7.30100,7.39831,8.65483,7.41397,8.22095,7.81790,7.25103,8.05757,7.27345,8.02194,8.36796
39.47868,-121.57978,4.65694,7.56266,8.23717,7.90808,7.99300,7.85402,8.01152,8.16400,8.92600,9.08581,9.46733,9.28897,8.22095,8.19290,7.43853,7.80757,6.96095,7.83444,7.43046
39.45771,-121.68103,7.59444,9.68766,10.42467,10.53308,9.99300,9.79152,9.44902,8.78900,9.42600,9.33581,8.84233,9.16397,11.09595,10.38040,10.25103,10.18257,9.71095,9.08444,7.86796
39.45070,-121.71476,7.59444,10.06266,11.04967,11.28308,10.93050,10.72902,10.44902,10.22650,10.73850,10.77331,9.96733,9.85147,11.28345,10.69290,10.68853,10.49507,10.02345,9.77194,8.68046
39.44368,-121.74849,9.09444,10.50016,11.86217,11.84558,11.61800,11.41652,11.38652,11.16400,11.55100,11.89831,11.27983,10.66397,11.84595,11.19290,11.00103,10.68257,10.27345,10.02194,9.36796
39.38717,-122.01808,14.09444,12.37516,12.61217,13.22058,11.86800,12.22902,12.19902,12.10150,11.92600,12.46081,13.52983,13.22647,12.59595,12.38040,11.56353,11.37007,11.27345,11.02194,11.61796
39.33723,-122.25361,9.40694,11.12516,12.11217,10.15808,9.43050,9.35402,9.51152,9.47650,9.23850,8.77331,11.77983,14.85147,13.97095,13.94290,12.81353,12.12007,11.39845,11.70944,12.05546
39.33006,-122.28723,9.71944,11.62516,12.92467,10.40808,9.68050,10.04152,9.94902,9.85150,9.86350,9.33581,12.09233,15.28897,14.22095,14.00540,12.87603,12.30757,11.52345,11.89694,12.24296
39.47350,-121.46947,3.78194,1.75016,3.54967,8.59558,9.68050,9.22902,10.07402,8.97650,5.11350,4.02331,7.77983,11.28897,13.72095,10.94290,9.93853,10.12007,10.58595,11.52194,13.86796
39.46655,-121.50324,1.84444,3.06266,2.42467,3.90808,5.05550,4.91652,5.26152,5.41400,5.17600,5.27331,7.09233,5.85147,10.03345,8.88040,8.56353,9.12007,8.89845,9.52194,10.93046
39.45959,-121.53699,2.34444,5.62516,5.54967,6.59558,6.93050,6.72902,6.88652,7.22650,7.36350,7.52331,8.71733,7.10147,6.09595,8.44290,8.00103,8.87007,8.33595,8.58444,8.93046
39.45262,-121.57074,4.03194,7.75016,8.36217,8.15808,8.55550,8.54152,8.44902,8.47650,8.98850,9.14831,9.65483,9.28897,8.34595,9.38040,8.50103,8.74507,7.89845,8.39694,7.99296
39.43166,-121.67196,6.65694,10.06266,10.23717,10.59558,10.05550,9.91652,9.63652,8.66400,9.48850,9.52331,9.27983,9.72647,11.09595,10.69290,10.43853,10.30757,9.89845,9.08444,7.93046
39.41763,-121.73940,8.21944,10.62516,11.36217,11.78308,11.36800,11.35402,11.26152,10.91400,11.17600,11.52331,11.21733,10.97647,11.84595,11.19290,11.12603,10.99507,10.71095,10.52194,9.61796
39.36115,-122.00889,14.15694,12.56266,12.67467,13.28308,12.30550,12.60402,12.44902,11.97650,12.11350,12.96081,14.09233,13.72647,12.72095,12.75540,11.93853,11.62007,11.52345,11.33444,11.80546
39.35404,-122.04255,13.34444,12.00016,12.29967,13.15808,12.05550,12.54152,12.63652,12.41400,11.98850,12.27331,13.90483,13.91397,13.22095,12.94290,12.00103,11.74507,11.64845,11.45944,11.86796
39.30405,-122.27796,9.09444,11.31266,12.42467,10.34558,9.55550,9.97902,10.07402,10.22650,10.11350,9.77331,12.40483,15.41397,14.22095,14.19290,13.18853,12.43257,11.71095,12.08444,12.43046
39.45438,-121.42672,2.53194,2.93766,5.04967,9.28308,11.80550,11.54152,12.76152,12.41400,7.98850,5.58581,12.34233,18.22647,16.28345,12.94290,10.50103,10.62007,11.33595,12.70944,15.55546
39.44744,-121.46048,1.71944,2.50016,3.04967,4.65808,8.36800,7.91652,8.13652,6.47650,5.30100,5.02331,6.21733,10.78897,12.59595,10.31790,9.43853,9.93257,10.21095,11.20944,13.36796
39.44049,-121.49423,1.96944,4.37516,3.98717,4.78308,4.86800,5.10402,5.32402,5.97650,6.23850,6.02331,7.65483,6.85147,10.53345,9.31790,9.18853,9.87007,9.64845,10.02194,11.11796
39.43353,-121.52798,2.65694,6.31266,6.36217,7.40808,7.49300,7.35402,7.44902,7.60150,7.36350,7.64831,9.02983,7.41397,8.15845,9.63040,9.18853,9.87007,9.52345,9.45944,9.80546
39.42657,-121.56172,3.59444,8.00016,8.36217,8.40808,8.86800,8.79152,8.57402,8.53900,8.73850,9.02331,9.90483,9.35147,8.97095,10.81790,9.81353,9.80757,9.27345,9.39694,8.99296
39.39860,-121.69660,5.40694,10.50016,9.86217,11.09558,10.49300,10.41652,10.19902,9.22650,10.23850,10.33581,10.34233,10.66397,11.90845,11.31790,11.00103,11.30757,10.71095,10.27194,8.86796
39.39159,-121.73031,6.84444,10.62516,10.29967,11.47058,10.93050,10.97902,10.82402,10.35150,10.86350,11.14831,11.21733,11.35147,12.28345,11.63040,11.25103,11.30757,11.08595,10.89694,9.86796
39.38456,-121.76401,9.71944,10.81266,11.36217,12.22058,11.55550,11.60402,11.51152,11.22650,11.17600,11.83581,11.96733,11.91397,12.34595,11.81790,11.50103,11.49507,11.33595,11.02194,10.61796
39.32802,-122.03336,13.53194,12.18766,12.54967,13.15808,12.43050,12.85402,13.07402,12.47650,12.36350,13.02331,14.52983,14.41397,13.40845,13.31790,12.31353,11.93257,11.83595,11.77194,12.11796
39.27805,-122.26869,8.46944,10.50016,11.42467,10.22058,9.55550,9.91652,10.13652,10.35150,10.23850,10.08581,16.21733,15.53897,14.22095,14.38040,13.56353,12.68257,12.02345,12.27194,12.61796
39.42831,-121.41774,1.34444,1.56266,2.86217,5.65808,9.99300,10.41652,10.76152,8.53900,3.98850,4.14831,4.59233,12.91397,12.90845,10.06790,9.00103,9.55757,10.21095,11.58444,14.30546
39.41443,-121.48523,2.71944,5.31266,5.42467,6.53308,5.43050,5.91652,6.69902,8.10150,7.98850,7.64831,8.84233,8.28897,8.97095,9.81790,9.68853,10.12007,9.96095,10.08444,10.86796
39.40747,-121.51897,2.84444,6.62516,6.86217,8.28308,8.05550,7.97902,8.26152,8.41400,7.98850,8.27331,9.65483,8.72647,10.22095,10.63040,9.93853,10.24507,10.08595,10.02194,10.24296
39.40051,-121.55269,3.21944,7.81266,7.92467,8.78308,8.86800,8.72902,8.69902,8.66400,8.61350,9.02331,10.34233,9.91397,10.59595,11.63040,10.43853,10.24507,10.02345,10.02194,10.05546
39.37955,-121.65383,4.53194,9.25016,9.23717,10.28308,9.80550,9.47902,9.44902,8.72650,9.23850,9.96081,10.15483,10.78897,11.53345,11.19290,11.31353,10.93257,10.33595,9.64694,9.05546
39.37255,-121.68754,4.59444,10.00016,9.11217,10.78308,10.30550,10.04152,9.94902,9.03900,9.98850,10.46081,10.59233,11.10147,12.22095,11.50540,11.12603,11.49507,10.83595,10.27194,8.99296
39.35852,-121.75492,8.21944,10.68766,10.23717,11.97058,11.18050,11.29152,11.19902,10.97650,11.05100,11.58581,12.02983,12.28897,12.97095,12.19290,11.68853,11.74507,11.64845,11.39694,10.93046
39.30200,-122.02418,13.65694,12.18766,12.79967,13.22058,12.74300,12.91652,13.13652,12.47650,12.36350,13.39831,14.84233,14.85147,13.65845,13.63040,12.56353,12.18257,12.02345,12.08444,12.43046
39.28777,-122.09142,11.46944,10.37516,11.67467,12.09558,11.11800,11.22902,11.94902,11.97650,10.98850,10.64831,13.59233,14.91397,14.40845,13.69290,12.68853,12.12007,12.21095,12.20944,12.36796
39.28065,-122.12504,10.84444,10.25016,11.42467,11.72058,10.93050,10.79152,11.07402,11.35150,10.05100,9.46081,12.84233,15.28897,14.59595,13.88040,12.81353,12.37007,12.39845,12.33444,12.55546
39.27351,-122.15865,10.46944,10.62516,11.17467,11.47058,10.93050,10.54152,10.38652,10.47650,9.61350,9.14831,12.52983,15.72647,14.53345,14.06790,13.06353,12.68257,12.58595,12.45944,12.74296
39.25204,-122.25943,8.28194,9.68766,10.36217,10.28308,9.74300,9.79152,10.13652,10.16400,10.11350,10.14831,16.52983,15.85147,14.34595,14.63040,13.87603,13.18257,12.46095,12.45944,12.86796
39.24487,-122.29301,8.71944,10.62516,12.23717,11.15808,10.61800,10.72902,11.13652,11.28900,11.05100,10.83581,16.77983,16.28897,14.72095,14.75540,13.93853,13.12007,12.39845,12.45944,12.93046
39.40224,-121.40877,1.71944,2.75016,1.86217,2.72058,6.43050,8.29152,7.88652,4.47650,5.11350,6.58581,6.09233,7.35147,10.78345,8.75540,8.06353,8.87007,9.71095,10.64694,13.24296
39.38141,-121.50996,2.96944,6.25016,6.92467,9.09558,8.86800,8.72902,9.26152,9.28900,9.17600,9.21081,10.40483,10.47647,10.59595,10.75540,9.56353,9.43257,9.64845,9.95944,10.36796
39.37445,-121.54368,3.21944,7.25016,7.48717,9.40808,9.18050,8.97902,9.19902,9.28900,9.30100,9.58581,10.84233,10.85147,11.47095,11.38040,10.06353,9.62007,9.89845,10.14694,10.43046
39.36747,-121.57739,3.78194,7.93766,8.11217,9.72058,9.43050,9.16652,9.13652,9.35150,9.55100,9.89831,11.02983,11.03897,11.47095,11.63040,10.62603,9.68257,9.83595,10.20944,10.49296
39.35350,-121.64478,4.53194,8.06266,8.98717,10.28308,9.86800,9.47902,9.57402,9.28900,9.42600,10.21081,10.71733,11.35147,11.97095,11.44290,10.93853,10.43257,10.14845,9.58444,10.05546
39.33247,-121.74583,6.78194,10.06266,9.42467,11.47058,11.05550,11.04152,11.01152,10.78900,11.05100,11.39831,12.15483,12.41397,13.34595,12.44290,11.93853,11.93257,11.89845,11.64694,11.11796
39.27597,-122.01500,13.71944,12.06266,13.04967,13.34558,12.93050,12.85402,12.94902,12.53900,12.11350,13.27331,14.90483,15.16397,14.09595,13.88040,12.87603,12.37007,12.21095,12.27194,12.68046
39.26887,-122.04862,12.65694,11.31266,12.67467,13.15808,12.43050,12.54152,13.13652,12.53900,12.17600,13.02331,14.90483,15.41397,14.47095,14.13040,13.06353,12.37007,12.27345,12.39694,12.61796
39.26175,-122.08223,11.59444,10.43766,11.92467,12.40808,11.49300,11.60402,12.51152,12.28900,11.61350,11.46081,14.15483,15.35147,14.78345,14.19290,13.12603,12.37007,12.39845,12.52194,12.55546
39.24749,-122.14942,10.46944,10.68766,11.36217,11.65808,11.05550,10.85402,10.94902,11.28900,10.11350,9.39831,12.65483,16.03897,15.09595,14.50540,13.37603,12.87007,12.83595,12.83444,12.86796
39.23320,-122.21660,9.15694,10.18766,10.04967,10.72058,10.24300,10.16652,9.94902,9.72650,9.73850,9.77331,13.21733,16.47647,14.78345,14.88040,14.00103,13.49507,13.02345,12.89694,13.11796
39.22604,-122.25017,8.46944,9.43766,9.98717,10.53308,10.05550,9.72902,10.13652,9.85150,9.98850,10.14831,16.90483,16.35147,14.65845,14.88040,14.18853,13.62007,12.89845,12.77194,13.05546
39.21886,-122.28374,8.46944,9.68766,11.48717,11.03308,10.36800,9.97902,10.82402,10.72650,10.61350,10.58581,16.90483,16.47647,14.84595,14.88040,14.25103,13.55757,12.77345,12.64694,12.99296
39.38309,-121.36608,4.71944,3.00016,1.48717,7.97058,10.61800,12.60402,13.82402,12.66400,2.17600,4.96081,4.09233,13.35147,12.78345,9.63040,7.25103,7.87007,9.46095,10.83444,14.43046
39.37617,-121.39981,1.09444,4.00016,1.73717,2.15808,2.99300,5.22902,4.88652,2.41400,7.67600,8.46081,7.09233,4.60147,9.34595,8.00540,7.37603,7.24507,8.27345,9.39694,11.93046
39.35535,-121.50096,3.21944,5.25016,6.36217,8.72058,9.55550,9.35402,9.88652,10.03900,10.30100,10.02331,10.96733,11.47647,11.28345,10.00540,8.62603,8.18257,8.77345,9.14694,9.61796
39.34142,-121.56836,3.78194,6.81266,7.61217,9.97058,9.99300,9.72902,9.94902,10.10150,10.23850,10.27331,11.52983,11.78897,12.03345,11.50540,10.25103,9.62007,10.02345,10.39694,10.30546
39.32045,-121.66942,4.53194,7.00016,8.92467,10.65808,10.61800,10.22902,10.38652,10.10150,9.98850,10.96081,11.21733,12.10147,12.72095,12.13040,11.56353,11.43257,10.96095,10.20944,10.49296
39.30643,-121.73675,5.53194,8.62516,8.92467,10.78308,11.05550,10.91652,10.88652,10.60150,10.86350,11.21081,12.27983,12.41397,13.53345,12.63040,12.18853,12.18257,12.14845,11.83444,11.24296
39.24995,-122.00583,13.71944,12.00016,13.11217,13.53308,12.99300,12.66652,12.63652,12.60150,11.73850,12.77331,15.15483,15.47647,14.72095,14.31790,13.31353,12.62007,12.52345,12.52194,12.99296
39.24284,-122.03944,12.71944,11.37516,12.79967,13.28308,12.74300,12.54152,12.82402,12.35150,11.67600,12.89831,15.09233,15.91397,14.97095,14.63040,13.56353,12.74507,12.52345,12.58444,12.93046
39.22148,-122.14021,10.53194,10.87516,11.73717,11.84558,11.11800,10.91652,11.32402,11.85150,10.80100,9.83581,12.90483,16.35147,15.65845,14.94290,13.93853,13.12007,13.08595,13.14694,13.05546
39.21434,-122.17379,9.96944,10.93766,11.11217,11.53308,10.93050,10.66652,10.69902,11.10150,10.30100,9.58581,12.71733,16.78897,15.59595,15.13040,14.06353,13.49507,13.33595,13.27194,13.24296
39.20719,-122.20736,9.34444,10.43766,10.42467,11.09558,10.61800,10.29152,10.19902,10.10150,9.92600,9.71081,13.15483,17.03897,15.40845,15.25540,14.31353,13.80757,13.39845,13.33444,13.30546
39.20003,-122.24092,8.71944,9.62516,10.11217,10.78308,10.30550,9.60402,9.94902,9.53900,9.73850,9.96081,17.09233,17.03897,15.22095,15.25540,14.56353,14.05757,13.39845,13.14694,13.30546
39.19286,-122.27448,8.59444,9.37516,10.92467,10.90808,10.11800,9.35402,10.32402,9.91400,9.98850,10.21081,17.09233,16.97647,15.22095,15.19290,14.68853,13.99507,13.21095,12.95944,13.24296
39.36392,-121.32341,5.15694,3.56266,3.11217,10.78308,12.18050,12.54152,13.38652,14.16400,8.86350,3.64831,2.90483,18.66397,16.65845,11.75540,8.50103,7.99507,8.58595,9.83444,12.86796
39.35701,-121.35713,5.53194,1.93766,1.36217,6.97058,10.18050,11.72902,12.57402,10.72650,2.23850,5.96081,3.96733,11.16397,11.84595,8.94290,8.12603,7.30757,7.77345,8.70944,12.36796
39.32928,-121.49197,3.15694,3.93766,5.29967,6.84558,9.43050,9.35402,9.82402,9.91400,10.48850,10.08581,11.15483,11.72647,11.47095,9.88040,9.25103,8.24507,7.96095,8.20944,8.61796
39.31536,-121.55935,3.84444,5.25016,7.17467,9.53308,10.36800,10.16652,10.38652,10.41400,10.55100,10.39831,11.77983,12.35147,12.40845,11.94290,10.56353,9.62007,10.02345,10.39694,10.24296
39.30838,-121.59303,4.46944,5.06266,7.48717,9.53308,10.18050,9.97902,10.07402,10.10150,10.23850,10.02331,11.46733,12.35147,12.53345,12.25540,11.25103,10.18257,10.33595,10.89694,11.05546
39.29440,-121.66037,4.65694,5.25016,9.17467,10.78308,10.80550,10.47902,10.57402,10.41400,10.11350,10.77331,11.27983,12.53897,13.03345,12.56790,12.00103,11.87007,11.27345,10.70944,11.18046
39.27336,-121.76133,7.15694,8.68766,8.54967,9.78308,9.93050,9.35402,9.57402,9.60150,9.55100,9.21081,13.09233,11.97647,13.09595,12.50540,12.18853,12.12007,12.14845,11.89694,11.93046
39.22392,-121.99667,13.46944,11.87516,12.92467,13.40808,12.86800,12.29152,12.32402,12.66400,11.67600,12.33581,17.27983,15.97647,15.40845,14.88040,13.93853,13.05757,12.89845,12.83444,13.18046
39.21682,-122.03026,12.65694,11.50016,12.86217,13.22058,12.80550,12.35402,12.32402,12.16400,11.30100,12.46081,15.34233,16.41397,15.59595,15.13040,14.18853,13.18257,12.89845,12.83444,13.18046
39.20971,-122.06385,11.65694,10.93766,12.67467,12.72058,12.36800,12.10402,12.51152,11.85150,11.42600,12.27331,14.84233,16.66397,15.84595,15.31790,14.37603,13.30757,13.02345,13.02194,13.18046
39.20259,-122.09743,10.71944,10.62516,12.29967,11.90808,11.49300,11.29152,12.01152,11.66400,11.42600,11.21081,13.96733,16.60147,15.97095,15.31790,14.43853,13.37007,13.08595,13.20944,13.18046
39.19546,-122.13100,10.34444,10.81266,12.04967,11.90808,11.11800,10.85402,11.51152,11.97650,11.48850,10.58581,13.46733,16.78897,16.15845,15.44290,14.56353,13.49507,13.33595,13.45944,13.30546
39.18833,-122.16457,9.84444,10.87516,11.48717,11.72058,10.93050,10.47902,10.88652,11.60150,10.98850,10.14831,13.02983,17.10147,16.15845,15.50540,14.56353,13.74507,13.52345,13.58444,13.43046
39.18118,-122.19813,9.34444,10.56266,10.73717,11.34558,10.74300,10.16652,10.26152,10.60150,10.30100,9.89831,17.02983,17.47647,15.97095,15.50540,14.68853,14.05757,13.71095,13.58444,13.49296
39.17402,-122.23168,8.65694,9.75016,10.17467,10.97058,10.36800,9.29152,9.51152,9.28900,9.48850,9.58581,17.15483,17.60147,15.78345,15.50540,14.87603,14.37007,13.71095,13.45944,13.49296
39.16685,-122.26523,8.65694,9.18766,10.29967,10.59558,9.80550,8.91652,9.57402,9.03900,9.30100,9.71081,17.15483,17.53897,15.59595,15.50540,15.00103,14.43257,13.58595,13.20944,13.36796
39.34474,-121.28076,4.59444,3.93766,2.04967,9.22058,9.86800,10.47902,11.57402,11.60150,10.80100,3.58581,8.77983,19.66397,18.22095,15.56790,12.37603,9.80757,10.21095,11.14694,12.86796
39.33785,-121.31448,4.46944,3.18766,2.11217,9.34558,10.93050,11.04152,11.76152,11.91400,6.17600,4.33581,3.02983,16.66397,16.47095,13.56790,10.56353,9.05757,9.46095,10.58444,12.93046
39.30322,-121.48299,2.65694,3.25016,4.73717,5.59558,8.99300,8.85402,9.13652,9.03900,9.73850,9.71081,11.21733,11.66397,11.47095,9.69290,9.75103,8.62007,8.21095,8.14694,8.24296
39.29626,-121.51667,3.46944,3.93766,6.54967,8.15808,10.24300,10.10402,10.38652,10.35150,10.80100,10.89831,11.90483,12.66397,12.47095,11.56790,9.75103,9.24507,8.71095,8.83444,8.93046
39.28232,-121.58401,4.53194,4.06266,7.23717,9.03308,10.49300,10.29152,10.38652,10.22650,10.48850,10.27331,11.84233,12.78897,12.97095,12.94290,11.68853,10.37007,10.58595,11.08444,11.11796
39.26835,-121.65133,4.90694,4.06266,9.17467,10.78308,10.74300,10.22902,10.32402,10.35150,10.17600,10.39831,11.34233,12.85147,13.40845,12.94290,12.37603,12.18257,11.58595,11.20944,11.74296
39.24731,-121.75225,8.90694,9.00016,8.98717,9.53308,9.61800,9.29152,9.51152,9.53900,9.92600,9.83581,11.90483,12.60147,13.28345,12.75540,12.62603,12.43257,12.46095,12.27194,12.24296
39.19789,-121.98751,13.09444,11.81266,12.36217,12.84558,12.68050,12.04152,12.26152,12.72650,12.11350,12.33581,17.90483,16.66397,16.09595,15.44290,14.62603,13.62007,13.33595,13.20944,13.49296
39.19080,-122.02110,12.34444,11.68766,12.73717,12.84558,12.61800,12.10402,12.01152,12.28900,11.48850,12.21081,17.96733,16.91397,16.15845,15.56790,14.75103,13.68257,13.33595,13.20944,13.49296
39.18369,-122.05467,11.15694,11.06266,12.73717,12.40808,12.43050,12.10402,12.13652,11.78900,11.36350,12.33581,18.15483,17.22647,16.40845,15.81790,14.93853,13.80757,13.33595,13.33444,13.55546
39.16231,-122.15536,9.21944,10.31266,11.48717,11.65808,10.74300,10.22902,10.94902,11.66400,11.67600,10.89831,13.59233,17.35147,16.47095,15.75540,15.00103,13.87007,13.52345,13.70944,13.61796
39.15517,-122.18890,8.71944,10.18766,10.67467,11.22058,10.55550,9.79152,10.19902,10.91400,10.73850,10.27331,17.27983,17.60147,16.40845,15.69290,14.93853,14.12007,13.71095,13.77194,13.61796
39.14801,-122.22245,8.03194,9.43766,9.86217,10.65808,10.11800,9.04152,9.01152,9.28900,9.42600,9.33581,17.09233,17.85147,16.15845,15.63040,15.00103,14.43257,13.83595,13.64694,13.55546
39.14085,-122.25598,8.03194,8.75016,9.48717,10.03308,9.43050,8.72902,8.88652,8.60150,8.92600,9.39831,17.02983,17.85147,15.90845,15.56790,15.06353,14.55757,13.71095,13.33444,13.43046
39.33929,-121.17068,5.53194,5.25016,7.29967,8.03308,9.61800,10.29152,11.01152,11.22650,11.05100,11.71081,13.65483,19.03897,16.59595,15.06790,13.62603,12.24507,11.71095,12.02194,12.55546
39.33242,-121.20441,4.78194,3.93766,3.61217,8.34558,10.30550,11.10402,11.63652,11.28900,11.23850,11.21081,14.09233,18.78897,16.34595,14.88040,13.31353,11.74507,11.21095,11.70944,12.49296
39.32555,-121.23813,5.34444,4.12516,2.61217,9.28308,11.43050,12.10402,12.88652,12.53900,12.17600,13.89831,15.27983,19.10147,17.47095,15.94290,14.00103,12.05757,11.71095,12.27194,13.18046
39.31866,-121.27185,6.65694,5.87516,2.73717,11.65808,13.11800,13.79152,14.57402,14.53900,14.80100,13.33581,14.71733,20.53897,19.28345,17.38040,14.50103,12.24507,12.27345,13.14694,14.49296
39.31177,-121.30556,4.90694,3.93766,2.11217,9.47058,12.05550,12.54152,13.32402,13.47650,9.11350,4.21081,6.27983,18.41397,18.09595,15.56790,12.68853,10.87007,11.02345,12.20944,13.93046
39.30486,-121.33926,3.15694,1.31266,3.48717,4.40808,9.05550,10.16652,10.88652,9.03900,4.05100,6.71081,4.77983,12.91397,14.15845,12.25540,10.68853,9.43257,9.46095,10.52194,12.68046
39.29795,-121.37296,2.09444,2.81266,3.29967,3.03308,4.30550,4.91652,5.01152,4.22650,7.23850,6.89831,6.96733,7.66397,11.59595,9.88040,9.12603,8.37007,8.02345,8.89694,10.99296
39.29103,-121.40665,0.84444,3.18766,3.61217,5.09558,6.49300,6.16652,6.26152,7.28900,7.55100,7.71081,8.59233,7.10147,10.34595,9.25540,8.87603,8.18257,7.64845,7.77194,9.49296
39.28409,-121.44033,0.96944,2.06266,4.11217,5.15808,7.36800,7.54152,7.57402,7.47650,7.36350,8.39831,9.65483,8.97647,8.78345,9.38040,9.06353,8.30757,7.77345,7.70944,9.11796
39.27715,-121.47401,1.90694,3.18766,4.92467,5.72058,8.24300,8.10402,8.13652,7.91400,8.61350,9.33581,11.15483,11.53897,11.40845,10.19290,9.75103,8.62007,8.02345,7.95944,8.86796
39.27020,-121.50768,3.09444,3.81266,6.17467,7.47058,9.93050,9.66652,9.82402,9.78900,10.48850,10.77331,12.09233,12.78897,12.78345,11.94290,9.81353,9.24507,8.52345,8.33444,8.74296
39.25627,-121.57500,4.21944,3.75016,6.98717,8.53308,10.80550,10.66652,10.76152,10.60150,10.73850,10.96081,12.21733,13.35147,13.53345,13.56790,12.12603,10.49507,10.46095,11.02194,11.11796
39.24229,-121.64229,5.28194,3.56266,8.67467,10.47058,10.61800,9.85402,9.88652,10.16400,10.48850,10.14831,11.52983,13.22647,13.90845,13.44290,12.68853,12.43257,11.83595,11.58444,12.11796
39.23529,-121.67593,5.96944,4.12516,9.61217,10.40808,10.74300,9.85402,10.13652,10.41400,10.36350,10.71081,11.65483,13.66397,14.47095,13.63040,13.12603,12.87007,12.71095,12.02194,12.05546
39.22127,-121.74318,11.90694,10.75016,10.92467,11.09558,11.24300,10.97902,11.13652,11.10150,11.42600,12.08581,13.21733,14.28897,14.53345,13.88040,13.56353,13.18257,13.21095,13.14694,13.05546
39.21424,-121.77680,15.15694,12.81266,12.61217,12.97058,12.30550,11.97902,12.13652,12.03900,12.23850,12.89831,14.77983,14.35147,14.72095,14.00540,13.62603,13.24507,13.14845,13.20944,13.55546
39.19309,-121.87761,10.96944,9.37516,9.29967,10.22058,9.80550,9.10402,9.26152,9.72650,9.42600,10.27331,15.77983,16.16397,16.22095,14.94290,13.87603,13.37007,13.14845,12.95944,13.18046
39.18603,-121.91120,10.15694,9.75016,8.79967,9.78308,10.43050,10.22902,10.07402,10.16400,10.61350,11.58581,16.59233,16.53897,16.28345,15.13040,14.25103,13.55757,13.27345,13.08444,13.30546
39.17895,-121.94479,11.59444,11.06266,10.11217,10.90808,12.05550,11.97902,12.13652,12.10150,12.80100,12.96081,17.90483,17.03897,16.53345,15.63040,14.81353,13.93257,13.58595,13.45944,13.68046
39.17187,-121.97836,12.46944,11.62516,11.36217,11.78308,12.49300,12.10402,12.44902,12.85150,12.92600,12.77331,18.34233,17.28897,16.59595,15.81790,15.06353,14.12007,13.64845,13.64694,13.86796
39.16477,-122.01193,11.65694,11.56266,12.11217,11.97058,12.49300,12.04152,12.13652,12.72650,12.17600,12.33581,18.34233,17.41397,16.59595,15.81790,15.12603,14.12007,13.58595,13.58444,13.86796
39.15767,-122.04550,10.28194,10.75016,12.17467,11.65808,12.18050,12.04152,11.94902,12.10150,11.73850,12.52331,18.27983,17.60147,16.72095,15.94290,15.25103,14.12007,13.58595,13.58444,13.86796
39.32006,-121.12809,5.40694,5.56266,6.04967,9.40808,8.74300,8.41652,8.44902,8.41400,8.36350,9.21081,10.65483,16.16397,14.22095,12.81790,11.37603,10.30757,9.83595,10.02194,10.55546
39.31320,-121.16182,6.09444,5.75016,6.29967,8.90808,9.80550,10.22902,10.32402,9.72650,9.55100,10.58581,11.96733,16.60147,14.84595,13.50540,11.87603,10.68257,10.39845,11.02194,11.55546
39.29946,-121.22924,5.78194,4.31266,2.54967,6.72058,9.99300,10.72902,10.82402,10.03900,9.48850,11.39831,12.21733,16.16397,15.53345,14.13040,12.18853,10.93257,11.14845,11.89694,12.68046
39.29258,-121.26295,6.28194,5.18766,2.67467,8.59558,11.61800,12.29152,12.69902,12.35150,12.73850,13.02331,14.09233,18.03897,17.28345,15.31790,12.75103,11.30757,11.77345,12.70944,13.74296
39.25108,-121.46504,1.71944,2.93766,5.11217,5.97058,7.49300,7.35402,7.13652,7.10150,7.61350,8.96081,10.90483,11.41397,11.40845,10.69290,9.25103,8.55757,7.77345,7.89694,9.24296
39.24413,-121.49869,2.15694,3.87516,5.48717,6.90808,9.36800,8.91652,8.94902,9.03900,9.73850,10.02331,12.15483,12.78897,12.90845,12.19290,10.31353,8.93257,8.08595,7.77194,9.05546
39.23021,-121.56599,3.59444,3.87516,6.23717,7.72058,11.05550,10.79152,11.01152,11.03900,10.86350,11.46081,12.52983,13.85147,13.84595,13.88040,12.50103,10.43257,9.96095,10.58444,10.86796
39.20924,-121.66689,6.84444,4.12516,9.36217,10.28308,10.80550,10.04152,10.19902,10.66400,10.98850,10.83581,12.15483,14.16397,15.09595,14.13040,13.43853,13.05757,12.96095,12.39694,12.43046
39.19522,-121.73412,13.71944,10.75016,12.04967,12.34558,12.86800,12.66652,12.76152,12.72650,12.86350,14.08581,14.71733,15.91397,15.97095,15.00540,14.37603,13.87007,13.89845,13.83444,13.61796
39.18819,-121.76773,17.40694,14.68766,14.73717,14.90808,14.49300,14.10402,14.19902,13.91400,14.05100,15.39831,16.40483,16.53897,16.53345,15.50540,14.75103,14.18257,14.02345,14.02194,14.24296
39.17411,-121.83492,16.65694,13.93766,14.36217,14.97058,14.43050,14.04152,14.38652,14.41400,14.42600,15.08581,17.65483,17.41397,17.47095,16.38040,15.12603,14.30757,13.96095,13.70944,14.05546
39.16706,-121.86850,11.71944,10.31266,10.42467,11.03308,10.99300,10.66652,11.01152,11.41400,11.17600,11.64831,16.71733,17.10147,17.15845,15.81790,14.75103,13.93257,13.64845,13.33444,13.49296
39.14584,-121.96922,11.28194,11.12516,10.42467,10.72058,12.18050,12.35402,12.63652,12.91400,13.36350,13.02331,18.27983,17.53897,16.78345,15.94290,15.25103,14.30757,13.83595,13.89694,14.11796
39.30081,-121.08552,2.84444,2.25016,3.17467,6.59558,6.99300,4.16652,3.76152,3.66400,4.36350,3.46081,4.27983,12.60147,12.78345,11.81790,10.00103,8.74507,9.08595,8.45944,7.55546
39.29396,-121.11924,2.53194,3.31266,3.48717,4.90808,5.86800,5.79152,5.13652,5.10150,5.61350,5.89831,5.84233,11.03897,11.59595,11.38040,10.25103,9.74507,9.21095,8.58444,7.80546
39.25961,-121.28774,6.59444,5.56266,3.73717,4.09558,12.68050,13.16652,13.76152,13.85150,10.98850,5.52331,10.71733,15.97647,15.47095,13.06790,10.81353,9.80757,10.46095,11.70944,12.99296
39.23195,-121.42242,1.03194,2.56266,6.48717,7.65808,8.11800,8.22902,8.13652,8.22650,9.55100,11.14831,10.27983,10.28897,10.22095,9.38040,8.62603,8.87007,8.21095,8.95944,9.99296
39.22502,-121.45607,1.53194,2.62516,5.11217,6.03308,7.36800,7.22902,7.07402,7.47650,7.73850,8.89831,10.59233,11.47647,11.53345,10.31790,8.87603,8.68257,7.83595,8.45944,9.68046
39.21807,-121.48972,1.21944,3.68766,4.98717,6.34558,8.86800,8.35402,8.38652,8.60150,8.92600,9.14831,11.96733,12.66397,12.84595,12.19290,9.75103,8.74507,7.89845,8.08444,9.24296
39.21111,-121.52336,2.09444,4.06266,5.42467,6.90808,10.43050,9.72902,10.07402,10.28900,10.42600,10.27331,12.46733,13.41397,13.47095,13.44290,11.81353,9.24507,8.27345,8.33444,9.18046
39.19717,-121.59062,4.03194,3.81266,5.54967,7.72058,10.99300,10.22902,10.44902,10.53900,10.48850,10.89831,12.27983,14.22647,14.15845,14.00540,12.81353,11.87007,10.71095,11.14694,11.43046
39.19019,-121.62424,5.21944,3.81266,6.98717,9.47058,10.80550,10.10402,10.19902,10.41400,10.80100,10.58581,12.40483,14.22647,14.65845,13.94290,13.00103,12.55757,11.89845,11.77194,12.11796
39.18319,-121.65786,7.15694,4.25016,8.73717,10.09558,10.99300,10.47902,10.63652,10.91400,11.42600,11.02331,12.90483,14.60147,15.53345,14.38040,13.50103,13.05757,13.02345,12.52194,12.55546
39.16917,-121.72506,11.84444,7.18766,9.48717,11.34558,12.93050,12.79152,12.82402,12.85150,12.86350,14.21081,15.15483,16.60147,16.59595,15.50540,14.62603,14.05757,14.02345,14.08444,13.74296
39.15512,-121.79225,16.59444,12.62516,11.98717,13.90808,14.74300,14.35402,14.63652,14.28900,14.11350,15.46081,17.46733,17.78897,17.59595,16.50540,15.37603,14.62007,14.27345,14.14694,14.43046
39.14807,-121.82583,16.09444,13.18766,12.67467,13.72058,14.74300,14.29152,14.63652,14.53900,14.36350,15.33581,17.84233,17.91397,17.72095,16.75540,15.56353,14.55757,14.21095,13.95944,14.24296
39.27471,-121.07669,5.90694,4.43766,2.98717,8.72058,9.61800,8.04152,8.51152,5.78900,3.23850,2.58581,4.84233,13.66397,13.53345,13.69290,10.87603,8.99507,8.71095,8.33444,7.18046
39.26787,-121.11040,4.40694,2.81266,2.48717,7.72058,8.80550,6.04152,5.69902,3.91400,3.73850,4.14831,4.77983,12.35147,12.28345,12.38040,10.37603,9.30757,8.71095,8.20944,6.74296
39.23353,-121.27884,5.28194,4.68766,2.23717,2.09558,8.55550,10.66652,10.82402,10.16400,4.17600,2.39831,4.77983,11.72647,12.15845,11.00540,9.50103,8.99507,8.96095,9.39694,10.93046
39.22663,-121.31250,4.53194,3.18766,2.98717,0.84558,2.61800,4.47902,4.51152,3.66400,3.36350,4.52331,4.52983,10.03897,9.97095,9.06790,8.50103,8.62007,8.52345,9.20944,10.68046
39.21281,-121.37982,0.96944,1.75016,3.42467,3.15808,6.18050,5.97902,6.44902,6.78900,7.42600,5.89831,8.34233,9.28897,9.84595,8.06790,8.06353,8.55757,8.08595,8.89694,9.93046
39.20588,-121.41347,1.09444,2.31266,5.11217,5.65808,7.43050,7.60402,7.76152,7.91400,8.67600,8.96081,9.59233,10.47647,10.34595,8.94290,8.37603,8.68257,8.27345,9.02194,9.93046
39.19895,-121.44711,1.15694,2.56266,5.11217,5.97058,7.93050,8.04152,8.07402,8.41400,8.61350,9.33581,10.59233,11.60147,11.78345,10.13040,8.75103,8.55757,8.14845,8.83444,9.80546
39.19200,-121.48075,1.40694,3.12516,5.04967,6.22058,8.86800,8.54152,8.57402,8.85150,8.73850,9.08581,11.77983,12.60147,12.65845,12.06790,9.75103,8.37007,7.89845,8.39694,9.43046
39.18505,-121.51438,1.90694,3.68766,5.23717,6.53308,9.99300,9.29152,9.57402,9.60150,9.73850,9.39831,12.34233,13.22647,13.15845,13.06790,11.68853,8.74507,7.77345,8.14694,9.18046
39.17809,-121.54800,2.78194,4.06266,5.23717,6.59558,10.49300,9.91652,10.44902,10.35150,10.42600,10.46081,12.52983,13.97647,13.72095,13.63040,12.68853,10.37007,8.52345,8.95944,9.74296
39.17111,-121.58162,3.78194,4.06266,5.23717,7.53308,11.05550,10.29152,10.63652,10.53900,10.36350,10.89831,12.34233,14.41397,14.22095,13.88040,12.81353,11.93257,10.08595,10.45944,10.93046
39.16413,-121.61523,5.03194,4.06266,6.29967,9.09558,11.05550,10.35402,10.57402,10.53900,10.55100,10.83581,12.65483,14.60147,14.78345,14.00540,12.93853,12.55757,11.58595,11.52194,11.80546
39.15714,-121.64883,7.15694,4.37516,7.98717,9.97058,11.11800,10.72902,11.01152,10.91400,11.23850,11.21081,13.46733,15.22647,15.65845,14.50540,13.50103,12.99507,12.89845,12.45944,12.43046
39.34333,-120.59545,6.78194,7.75016,9.23717,11.59558,12.24300,13.41652,13.51152,13.66400,14.30100,15.33581,18.59233,21.10147,22.03345,21.63040,20.81353,19.43257,17.89845,16.95944,16.24296
39.33663,-120.62923,5.28194,7.56266,9.04967,11.15808,11.80550,12.85402,13.32402,13.41400,13.80100,15.21081,18.52983,21.16397,22.22095,21.69290,20.68853,19.37007,18.08595,17.27194,16.61796
39.32991,-120.66301,6.21944,6.81266,10.29967,12.28308,13.24300,14.54152,15.44902,15.60150,15.92600,17.58581,20.96733,23.03897,23.59595,23.00540,21.87603,20.62007,19.58595,18.83444,18.49296
39.24861,-121.06786,5.53194,4.87516,3.29967,6.72058,7.68050,7.35402,7.88652,5.35150,4.48850,3.27331,4.65483,14.10147,14.15845,15.06790,12.43853,9.99507,9.02345,8.77194,8.93046
39.24178,-121.10156,5.40694,4.12516,3.23717,6.15808,7.80550,5.66652,5.38652,3.28900,3.80100,4.08581,4.71733,12.91397,13.15845,13.56790,11.43853,9.74507,8.83595,8.39694,8.43046
39.20055,-121.30360,3.46944,2.93766,2.36217,0.72058,2.30550,4.35402,3.69902,3.03900,3.23850,5.02331,4.77983,8.28897,7.90845,7.94290,7.50103,7.62007,7.58595,7.70944,8.18046
39.19365,-121.33725,2.53194,1.68766,3.23717,1.53308,2.86800,2.41652,3.44902,4.35150,6.86350,5.89831,7.84233,8.72647,7.72095,7.13040,7.06353,7.43257,7.46095,7.64694,8.24296
39.18673,-121.37089,1.65694,0.31266,3.67467,2.47058,5.86800,5.60402,6.38652,6.66400,6.73850,5.02331,8.21733,9.53897,8.90845,7.63040,7.37603,7.55757,7.64845,7.77194,8.74296
39.16594,-121.47178,1.59444,2.37516,5.36217,6.40808,9.24300,9.29152,9.38652,9.41400,9.23850,9.83581,11.90483,12.66397,12.65845,11.94290,9.81353,8.49507,8.21095,8.64694,9.68046
39.15202,-121.53901,2.84444,3.68766,5.73717,6.90808,9.99300,9.72902,10.13652,9.72650,10.11350,10.02331,12.52983,13.85147,13.65845,13.31790,12.56353,10.37007,8.21095,8.45944,9.36796
39.14505,-121.57262,3.84444,4.00016,5.61217,7.72058,10.74300,10.10402,10.51152,10.22650,10.23850,10.71081,12.40483,14.28897,14.22095,13.63040,12.62603,11.87007,9.39845,9.58444,10.30546
39.32389,-120.55301,9.21944,11.12516,10.73717,12.72058,14.49300,17.04152,18.32402,18.97650,18.98850,20.64831,22.90483,22.35147,22.47095,22.13040,21.62603,20.62007,19.46095,18.64694,18.68046
39.31720,-120.58679,8.78194,11.37516,11.04967,12.47058,14.18050,16.72902,18.32402,18.78900,19.17600,20.83581,23.40483,22.97647,23.47095,23.00540,22.25103,21.05757,19.77345,18.89694,18.86796
39.31050,-120.62056,7.09444,11.25016,11.23717,12.47058,14.11800,16.35402,18.13652,18.72650,19.23850,20.64831,23.96733,23.66397,24.15845,23.63040,22.75103,21.49507,20.21095,19.27194,19.05546
39.30379,-120.65433,5.71944,8.50016,11.48717,12.65808,14.24300,16.04152,17.94902,18.72650,18.92600,20.08581,24.40483,24.28897,24.28345,23.56790,22.81353,21.49507,20.46095,19.70944,19.49296
39.29707,-120.68809,5.59444,7.18766,8.98717,12.59558,13.74300,15.22902,17.19902,18.35150,17.86350,18.83581,24.09233,24.28897,23.53345,22.56790,21.87603,20.37007,19.46095,19.33444,19.11796
39.29034,-120.72185,5.59444,6.25016,8.61217,12.40808,13.24300,14.66652,16.57402,18.03900,16.98850,17.89831,23.34233,23.85147,22.97095,21.94290,20.93853,19.12007,18.14845,18.39694,18.49296
39.22934,-121.02535,5.96944,5.62516,5.86217,7.72058,9.43050,10.47902,11.44902,11.91400,10.36350,7.02331,12.27983,18.60147,17.59595,17.13040,15.37603,12.24507,10.96095,10.70944,11.55546
39.22252,-121.05904,5.65694,5.62516,3.92467,6.22058,8.80550,9.66652,10.51152,10.22650,6.17600,3.14831,8.21733,17.16397,16.53345,16.19290,14.06353,11.68257,10.46095,10.27194,10.99296
39.21568,-121.09273,5.65694,5.62516,3.23717,5.53308,8.80550,8.54152,8.82402,7.78900,3.98850,4.21081,6.96733,16.35147,15.22095,15.06790,12.75103,11.12007,9.96095,9.83444,10.61796
39.17447,-121.29470,2.21944,1.56266,3.61217,2.90808,4.93050,7.35402,6.69902,6.10150,4.55100,6.83581,5.65483,8.28897,7.84595,7.13040,6.75103,6.87007,6.52345,6.58444,6.61796
39.16757,-121.32834,1.65694,0.87516,4.48717,3.59558,4.86800,4.54152,5.13652,5.35150,7.11350,7.58581,8.84233,7.85147,7.53345,6.38040,6.12603,6.37007,6.33595,6.52194,6.30546
39.30443,-120.51059,8.03194,9.56266,9.92467,11.47058,12.30550,13.35402,13.07402,12.85150,12.73850,13.89831,17.84233,19.66397,20.09595,20.06790,19.87603,19.05757,17.96095,17.08444,16.24296
39.29775,-120.54437,8.21944,10.62516,11.11217,12.34558,13.49300,14.72902,15.01152,14.85150,14.80100,15.89831,19.52983,21.28897,21.47095,21.19290,20.81353,19.80757,18.58595,17.58444,17.11796
39.29107,-120.57814,7.84444,10.81266,11.67467,12.78308,14.11800,15.41652,16.13652,16.28900,16.36350,17.58581,21.21733,22.66397,22.65845,22.31790,21.87603,20.80757,19.39845,18.27194,17.68046
39.26422,-120.71315,4.53194,6.81266,9.42467,13.34558,14.93050,16.22902,17.82402,19.35150,19.11350,19.02331,24.40483,24.28897,24.34595,23.31790,21.75103,19.12007,18.08595,18.52194,18.80546
39.25748,-120.74689,5.59444,6.37516,9.48717,13.15808,14.49300,15.85402,16.76152,17.85150,17.86350,17.14831,23.27983,23.97647,24.34595,23.13040,20.81353,18.05757,17.02345,17.27194,18.24296
39.25073,-120.78062,5.46944,5.06266,6.98717,7.72058,11.74300,12.97902,13.26152,13.41400,13.73850,13.21081,19.65483,21.97647,22.40845,21.19290,18.93853,16.49507,15.77345,15.83444,16.43046
39.24398,-120.81434,4.34444,4.12516,5.98717,6.15808,6.43050,10.91652,11.19902,11.03900,11.11350,11.64831,17.46733,20.41397,20.53345,19.56790,17.75103,15.99507,15.46095,15.20944,15.68046
39.23721,-120.84806,5.40694,5.50016,8.67467,9.15808,9.80550,10.54152,14.26152,14.53900,11.30100,15.58581,20.34233,21.91397,21.15845,19.94290,18.31353,16.87007,15.77345,15.27194,16.49296
39.20324,-121.01655,5.53194,4.87516,5.73717,8.15808,9.43050,9.91652,10.07402,10.41400,10.05100,9.52331,12.27983,18.60147,17.53345,16.00540,14.56353,12.18257,10.83595,10.77194,11.74296
39.19642,-121.05023,5.71944,5.43766,5.04967,7.40808,9.93050,11.04152,11.38652,11.78900,10.98850,8.02331,12.71733,18.85147,17.28345,15.75540,13.93853,11.62007,10.39845,10.33444,11.61796
39.14149,-121.31943,1.59444,0.43766,4.79967,4.28308,4.93050,5.04152,5.57402,5.47650,7.05100,7.96081,9.27983,8.16397,7.15845,5.63040,5.81353,5.68257,5.21095,5.39694,5.99296
39.21786,-120.80562,7.40694,6.68766,7.42467,10.65808,12.18050,16.72902,18.07402,19.03900,19.36350,20.96081,24.27983,23.60147,22.40845,20.94290,18.93853,17.05757,16.46095,16.52194,17.36796
39.21110,-120.83932,6.40694,5.75016,6.42467,8.90808,9.55550,11.16652,16.44902,17.91400,13.98850,19.89831,23.59233,23.10147,21.03345,20.06790,18.06353,16.05757,14.96095,14.58444,16.05546
39.20433,-120.87302,5.40694,4.68766,5.79967,8.15808,8.24300,9.10402,10.38652,11.16400,11.42600,12.02331,20.96733,21.41397,19.09595,18.69290,17.18853,14.99507,13.14845,12.52194,13.74296
39.17714,-121.00776,4.40694,3.68766,4.73717,6.97058,8.43050,8.54152,8.76152,9.16400,9.11350,8.96081,11.84233,18.22647,16.78345,15.00540,13.43853,11.68257,10.39845,10.52194,11.68046
39.17032,-121.04142,5.03194,4.50016,4.48717,7.65808,9.93050,10.47902,11.07402,11.60150,11.55100,10.46081,13.27983,18.35147,16.47095,14.88040,12.93853,10.80757,9.64845,10.08444,11.36796
39.18498,-120.83059,7.78194,7.75016,9.61217,11.47058,11.86800,13.29152,17.38652,19.60150,16.92600,20.64831,23.09233,21.91397,20.03345,18.81790,17.18853,15.55757,14.71095,14.52194,15.74296
39.17821,-120.86428,7.03194,6.56266,8.54967,10.03308,10.49300,11.66652,12.26152,13.66400,14.48850,14.08581,21.71733,21.10147,19.09595,18.69290,17.06353,15.12007,13.77345,13.27194,14.43046
39.17143,-120.89796,5.65694,4.75016,5.98717,8.09558,8.74300,9.41652,9.88652,10.47650,10.98850,11.64831,19.65483,20.22647,18.78345,18.44290,16.87603,14.80757,13.08595,12.33444,13.30546
39.16464,-120.93164,4.21944,3.50016,4.23717,6.90808,8.05550,8.41652,8.32402,8.16400,8.30100,9.46081,14.77983,19.66397,18.84595,18.13040,16.37603,14.43257,12.71095,11.89694,12.86796
39.15785,-120.96531,3.90694,3.50016,4.48717,6.15808,7.74300,7.97902,7.76152,7.60150,7.42600,7.64831,13.27983,19.22647,18.53345,17.38040,15.12603,13.18257,11.83595,11.52194,12.61796
39.15104,-120.99897,3.84444,3.43766,4.61217,5.28308,6.99300,7.10402,7.32402,7.41400,7.05100,6.33581,10.77983,18.10147,17.40845,16.00540,13.50103,11.18257,10.08595,10.33444,11.61796
39.14422,-121.03262,4.40694,3.62516,4.17467,5.53308,7.55550,7.66652,8.19902,8.35150,7.86350,6.96081,9.77983,16.78897,15.84595,14.94290,12.37603,9.62007,8.52345,9.08444,10.43046
39.14532,-120.88921,5.96944,4.75016,7.11217,10.78308,11.86800,11.91652,12.69902,13.85150,14.30100,14.71081,20.40483,21.47647,20.34595,19.56790,17.62603,15.68257,14.21095,13.39694,14.55546
